trans_num,trans_date,category,amt
344,2013-06-21,misc_pos,184.77
345,2013-06-22,shopping_pos,7.83
346,2013-06-22,travel,1.16
347,2013-06-23,food_dining,19.13
340,2013-06-21,gas_transport,58.26
341,2013-06-21,shopping_net,3.76
342,2013-06-21,shopping_pos,2.43
343,2013-06-21,shopping_net,5.58
348,2013-06-23,entertainment,24.07
349,2013-06-24,shopping_net,104.89
1653,2014-12-27,shopping_pos,27.11
2318,2015-10-14,health_fitness,9.47
2319,2015-10-15,personal_care,8.31
2316,2015-10-12,home,129.59
2317,2015-10-12,grocery_pos,76.28
2314,2015-10-11,kids_pets,6.9
2315,2015-10-11,pharmacy,9.73
2312,2015-10-10,pharmacy,59.49
2313,2015-10-11,food_dining,18.16
2310,2015-10-10,grocery_net,31.96
2311,2015-10-10,utilities,64.25
298,2013-06-08,gas_transport,57.68
299,2013-06-08,health_fitness,49.1
296,2013-06-07,health_fitness,13.51
297,2013-06-08,pharmacy,60.1
294,2013-06-07,home,133.21
295,2013-06-07,entertainment,13.8
292,2013-06-07,shopping_net,21.27
293,2013-06-07,grocery_net,43.52
290,2013-06-06,shopping_net,2.95
291,2013-06-07,gas_transport,52.01
2147,2015-08-07,travel,70.72
270,2013-05-30,kids_pets,46.56
271,2013-05-31,grocery_pos,53.5
272,2013-06-01,shopping_pos,31.39
273,2013-06-01,shopping_pos,18.5
274,2013-06-01,misc_net,67.17
275,2013-06-01,misc_net,187.49
276,2013-06-01,food_dining,43.26
277,2013-06-02,entertainment,1.71
278,2013-06-02,shopping_pos,208.96
279,2013-06-02,travel,0.49
1780,2015-03-07,grocery_pos,82.6
2146,2015-08-07,utilities,58.03
2268,2015-09-24,shopping_pos,1.31
2269,2015-09-24,grocery_net,35.16
2262,2015-09-20,gas_transport,54.82
2263,2015-09-21,shopping_net,0.69
2260,2015-09-19,misc_pos,0.86
2261,2015-09-20,home,16.59
2266,2015-09-22,travel,62.26
2267,2015-09-23,gas_transport,36.06
2264,2015-09-21,food_dining,175.51
2265,2015-09-22,food_dining,66.39
2442,2015-12-05,shopping_pos,3.86
2443,2015-12-05,gas_transport,79.08
2440,2015-12-04,gas_transport,62.61
2441,2015-12-04,shopping_net,0.35
1781,2015-03-08,gas_transport,70.36
2447,2015-12-06,shopping_net,20.92
2444,2015-12-05,health_fitness,3.91
2445,2015-12-05,misc_net,270.17
2448,2015-12-07,grocery_net,45.11
2449,2015-12-08,health_fitness,137.85
2189,2015-08-22,gas_transport,68.34
108,2013-03-10,gas_transport,69.63
109,2013-03-12,food_dining,0.28
102,2013-03-09,personal_care,13.38
103,2013-03-09,shopping_net,6.57
100,2013-03-09,personal_care,15.57
101,2013-03-09,pharmacy,47.32
106,2013-03-10,pharmacy,68.49
107,2013-03-10,food_dining,0.23
104,2013-03-10,food_dining,31.98
105,2013-03-10,personal_care,12.93
2046,2015-06-30,entertainment,36.23
2047,2015-06-30,utilities,127.53
2044,2015-06-29,entertainment,9.08
2045,2015-06-30,utilities,105.36
2042,2015-06-28,travel,1.04
2043,2015-06-28,kids_pets,0.44
2040,2015-06-28,shopping_net,1.86
2041,2015-06-28,food_dining,53.94
2048,2015-07-01,home,88.1
2049,2015-07-01,food_dining,2.01
1372,2014-08-31,home,5.69
2038,2015-06-27,entertainment,7.44
1001,2014-03-29,utilities,80.52
1210,2014-06-28,shopping_pos,6.97
1375,2014-09-01,kids_pets,113.56
1655,2014-12-27,home,17.23
1374,2014-08-31,misc_net,272.0
99,2013-03-09,gas_transport,71.25
98,2013-03-08,home,41.74
91,2013-03-06,utilities,84.83
90,2013-03-05,gas_transport,49.62
93,2013-03-06,shopping_net,1.37
92,2013-03-06,entertainment,33.51
95,2013-03-08,travel,1.19
94,2013-03-06,health_fitness,64.77
97,2013-03-08,gas_transport,49.04
96,2013-03-08,grocery_pos,33.41
1623,2014-12-20,shopping_pos,1893.76
1622,2014-12-20,shopping_net,1926.52
1621,2014-12-20,shopping_net,85.72
1620,2014-12-20,health_fitness,277.35
1627,2014-12-21,misc_net,13.69
1626,2014-12-21,gas_transport,85.37
1625,2014-12-20,shopping_net,238.38
1624,2014-12-20,entertainment,36.21
1999,2015-06-13,health_fitness,39.77
1998,2015-06-12,grocery_pos,43.03
1629,2014-12-21,utilities,70.64
1377,2014-09-02,travel,101.36
559,2013-09-12,personal_care,3.15
558,2013-09-11,grocery_pos,72.22
555,2013-09-08,shopping_net,0.51
554,2013-09-08,shopping_pos,15.82
557,2013-09-11,shopping_pos,570.59
556,2013-09-09,personal_care,32.59
551,2013-09-07,kids_pets,64.36
550,2013-09-07,gas_transport,66.72
553,2013-09-08,shopping_pos,8.89
552,2013-09-07,grocery_pos,92.29
1439,2014-10-07,home,26.44
1199,2014-06-26,personal_care,15.47
1198,2014-06-25,misc_pos,9.03
1191,2014-06-21,grocery_pos,53.04
1190,2014-06-21,utilities,62.87
1193,2014-06-22,grocery_pos,64.04
1192,2014-06-22,home,20.63
1195,2014-06-22,pharmacy,20.52
1194,2014-06-22,home,97.19
1197,2014-06-22,food_dining,59.65
1196,2014-06-22,personal_care,48.67
1759,2015-02-22,gas_transport,55.28
1758,2015-02-22,gas_transport,52.94
1757,2015-02-21,shopping_net,4.17
1756,2015-02-21,kids_pets,71.85
1755,2015-02-21,home,38.75
1754,2015-02-21,food_dining,3.86
1753,2015-02-21,shopping_pos,170.99
1752,2015-02-20,misc_pos,888.09
1751,2015-02-20,gas_transport,95.47
1750,2015-02-20,health_fitness,70.8
1177,2014-06-15,shopping_pos,0.59
1176,2014-06-15,shopping_net,335.21
1175,2014-06-14,kids_pets,33.8
1174,2014-06-14,entertainment,47.64
1173,2014-06-14,misc_pos,134.31
1172,2014-06-14,gas_transport,67.49
1171,2014-06-13,entertainment,10.55
1170,2014-06-13,travel,0.4
1179,2014-06-15,personal_care,10.93
1178,2014-06-15,food_dining,13.84
511,2013-08-23,entertainment,23.4
510,2013-08-23,home,62.37
513,2013-08-24,travel,220.96
1285,2014-07-26,gas_transport,57.93
1284,2014-07-26,gas_transport,90.44
1287,2014-07-26,entertainment,17.41
512,2013-08-24,gas_transport,50.43
1281,2014-07-25,gas_transport,54.19
1280,2014-07-25,gas_transport,49.23
1283,2014-07-26,grocery_pos,31.25
1282,2014-07-26,pharmacy,18.14
1003,2014-04-01,pharmacy,32.57
879,2014-01-24,grocery_net,19.74
1289,2014-07-27,health_fitness,5.66
1288,2014-07-27,pharmacy,26.42
514,2013-08-24,kids_pets,9.0
1579,2014-12-07,grocery_pos,12.32
1578,2014-12-07,utilities,26.84
689,2013-11-14,grocery_pos,47.1
688,2013-11-13,pharmacy,18.43
685,2013-11-12,utilities,57.22
684,2013-11-12,food_dining,69.07
687,2013-11-13,gas_transport,57.65
686,2013-11-12,entertainment,47.37
681,2013-11-11,gas_transport,57.06
680,2013-11-10,shopping_pos,347.42
683,2013-11-11,shopping_net,1.07
682,2013-11-11,utilities,38.64
458,2013-08-03,shopping_pos,248.04
1226,2014-07-04,pharmacy,53.06
621,2013-10-09,entertainment,9.61
873,2014-01-23,health_fitness,57.08
1224,2014-07-03,shopping_pos,61.21
1223,2014-07-03,kids_pets,116.84
1222,2014-07-03,shopping_net,449.01
1221,2014-07-02,travel,726.66
1220,2014-07-02,travel,6724.28
407,2013-07-19,home,34.55
406,2013-07-18,food_dining,1.11
405,2013-07-18,food_dining,13.5
404,2013-07-17,grocery_pos,73.96
403,2013-07-16,utilities,64.28
402,2013-07-15,personal_care,15.43
401,2013-07-14,gas_transport,63.12
400,2013-07-14,entertainment,0.52
1379,2014-09-02,food_dining,78.71
1378,2014-09-02,misc_net,3.52
1342,2014-08-19,pharmacy,31.49
409,2013-07-19,utilities,52.69
408,2013-07-19,grocery_pos,55.65
453,2013-08-01,travel,0.61
454,2013-08-01,gas_transport,57.61
2148,2015-08-07,shopping_pos,2.38
455,2013-08-02,gas_transport,57.82
1346,2014-08-22,gas_transport,52.21
1347,2014-08-22,utilities,87.35
379,2013-07-07,food_dining,36.23
378,2013-07-06,health_fitness,71.45
371,2013-07-05,health_fitness,5.36
370,2013-07-03,home,36.59
373,2013-07-05,health_fitness,59.29
372,2013-07-05,travel,4702.03
375,2013-07-06,gas_transport,46.32
374,2013-07-06,personal_care,3.05
377,2013-07-06,entertainment,171.45
376,2013-07-06,kids_pets,36.06
2295,2015-10-03,entertainment,6.67
393,2013-07-13,misc_net,0.42
392,2013-07-12,pharmacy,58.61
391,2013-07-12,gas_transport,94.34
390,2013-07-12,entertainment,28.77
397,2013-07-14,pharmacy,30.67
396,2013-07-14,shopping_pos,0.26
395,2013-07-13,food_dining,109.58
394,2013-07-13,home,7.7
399,2013-07-14,kids_pets,71.86
398,2013-07-14,shopping_pos,10.37
895,2014-02-02,gas_transport,72.07
2309,2015-10-10,shopping_net,1.69
2308,2015-10-10,grocery_pos,72.75
2301,2015-10-07,entertainment,112.26
2300,2015-10-06,grocery_net,83.49
2303,2015-10-07,grocery_pos,44.88
2302,2015-10-07,personal_care,17.36
2305,2015-10-09,entertainment,232.79
2304,2015-10-08,pharmacy,42.73
2307,2015-10-10,shopping_net,15.92
2306,2015-10-10,shopping_pos,10.14
245,2013-05-20,shopping_pos,31.76
244,2013-05-20,shopping_pos,10.22
247,2013-05-22,grocery_net,68.38
246,2013-05-21,food_dining,8.56
241,2013-05-18,home,86.11
240,2013-05-18,entertainment,78.92
243,2013-05-19,misc_pos,67.18
242,2013-05-18,pharmacy,54.72
249,2013-05-23,shopping_net,142.96
248,2013-05-22,shopping_net,370.19
2275,2015-09-26,personal_care,0.31
2274,2015-09-25,entertainment,64.3
2277,2015-09-26,pharmacy,53.64
2276,2015-09-26,gas_transport,72.89
2271,2015-09-24,personal_care,328.98
2270,2015-09-24,misc_pos,0.46
2273,2015-09-25,home,18.7
2272,2015-09-25,health_fitness,6.96
2279,2015-09-26,gas_transport,72.68
2278,2015-09-26,grocery_pos,41.18
2337,2015-10-20,shopping_pos,651.02
2198,2015-08-24,travel,122.38
2459,2015-12-11,pharmacy,44.83
2458,2015-12-11,gas_transport,44.71
2455,2015-12-11,kids_pets,79.07
2454,2015-12-09,gas_transport,45.73
2457,2015-12-11,gas_transport,69.11
2456,2015-12-11,shopping_pos,17.29
2451,2015-12-08,food_dining,67.67
2450,2015-12-08,gas_transport,44.09
2453,2015-12-09,travel,20.49
2452,2015-12-08,food_dining,82.21
179,2013-04-14,shopping_pos,8.46
178,2013-04-14,shopping_pos,27.65
177,2013-04-13,home,111.57
176,2013-04-13,home,85.91
175,2013-04-13,pharmacy,36.42
174,2013-04-11,food_dining,143.07
173,2013-04-11,shopping_net,1.01
172,2013-04-10,personal_care,26.13
171,2013-04-09,gas_transport,48.54
170,2013-04-07,home,90.01
2051,2015-07-03,utilities,82.64
1502,2014-11-07,personal_care,1.33
2053,2015-07-03,gas_transport,53.62
2052,2015-07-03,personal_care,28.8
2055,2015-07-04,personal_care,32.04
2054,2015-07-04,grocery_pos,31.41
2057,2015-07-04,kids_pets,194.0
1503,2014-11-07,entertainment,42.78
2059,2015-07-04,pharmacy,10.21
2058,2015-07-04,utilities,66.64
1500,2014-11-07,home,112.5
1501,2014-11-07,shopping_pos,2062.48
1506,2014-11-08,misc_net,288.04
1507,2014-11-08,pharmacy,2.85
1367,2014-08-29,gas_transport,64.95
1504,2014-11-07,utilities,25.0
1505,2014-11-07,food_dining,1.64
2157,2015-08-09,pharmacy,4.06
1227,2014-07-04,gas_transport,39.09
1977,2015-06-01,utilities,65.51
1976,2015-05-31,utilities,113.81
659,2013-10-29,misc_net,28.07
1975,2015-05-31,personal_care,5.52
2405,2015-11-22,entertainment,42.79
1974,2015-05-31,home,33.1
1973,2015-05-30,gas_transport,60.06
1972,2015-05-30,shopping_net,91.79
1971,2015-05-30,shopping_net,2.69
1970,2015-05-29,personal_care,3.0
1968,2015-05-29,travel,2324.12
1969,2015-05-29,pharmacy,27.05
1618,2014-12-19,kids_pets,22.46
1619,2014-12-20,shopping_pos,3.85
1616,2014-12-19,gas_transport,66.37
1617,2014-12-19,travel,71.13
1614,2014-12-18,food_dining,120.82
1615,2014-12-19,shopping_net,949.98
1612,2014-12-18,shopping_net,1204.24
1613,2014-12-18,shopping_pos,0.59
1610,2014-12-17,health_fitness,11.02
1611,2014-12-18,food_dining,0.83
1985,2015-06-06,misc_pos,141.32
2542,2015-12-26,pharmacy,17.19
2544,2015-12-26,travel,1.47
1768,2015-02-28,grocery_net,35.39
1769,2015-02-28,kids_pets,0.6
1762,2015-02-26,misc_pos,250.01
1763,2015-02-27,pharmacy,37.46
1760,2015-02-23,travel,118.35
1761,2015-02-25,misc_net,7.52
1766,2015-02-28,shopping_pos,269.88
1767,2015-02-28,kids_pets,36.54
1764,2015-02-28,food_dining,18.41
1765,2015-02-28,food_dining,96.14
1142,2014-06-01,home,37.27
1143,2014-06-01,grocery_net,78.66
1140,2014-05-31,food_dining,28.74
1141,2014-05-31,personal_care,16.2
1146,2014-06-02,entertainment,38.92
1147,2014-06-02,personal_care,2.84
1144,2014-06-02,misc_net,6.96
1145,2014-06-02,gas_transport,80.08
1148,2014-06-03,food_dining,5.17
1149,2014-06-04,home,170.09
2402,2015-11-21,gas_transport,69.5
692,2013-11-16,grocery_pos,23.67
693,2013-11-16,shopping_pos,15.77
690,2013-11-14,pharmacy,34.9
691,2013-11-16,health_fitness,37.75
696,2013-11-16,kids_pets,70.75
697,2013-11-16,misc_pos,19.71
694,2013-11-16,food_dining,14.1
695,2013-11-16,utilities,104.15
698,2013-11-16,home,39.29
699,2013-11-17,home,4.6
1548,2014-11-29,gas_transport,44.8
1549,2014-11-29,entertainment,21.69
542,2013-09-05,food_dining,8.71
543,2013-09-05,home,7.9
540,2013-09-04,utilities,101.67
541,2013-09-04,utilities,87.77
546,2013-09-06,personal_care,75.66
547,2013-09-06,travel,12.65
544,2013-09-06,gas_transport,45.07
545,2013-09-06,kids_pets,14.47
548,2013-09-07,home,49.95
549,2013-09-07,utilities,85.51
1782,2015-03-08,shopping_pos,0.6
1783,2015-03-08,grocery_pos,86.54
1784,2015-03-09,misc_pos,11.85
1785,2015-03-10,travel,4760.57
1786,2015-03-10,health_fitness,36.41
2388,2015-11-13,shopping_pos,1.03
1787,2015-03-12,grocery_net,29.26
414,2013-07-20,shopping_net,213.78
415,2013-07-20,gas_transport,61.45
416,2013-07-20,shopping_pos,4.33
417,2013-07-21,misc_net,0.5
410,2013-07-19,shopping_pos,591.52
411,2013-07-19,gas_transport,55.97
412,2013-07-20,gas_transport,43.37
413,2013-07-20,shopping_net,209.38
1384,2014-09-06,health_fitness,185.3
1385,2014-09-06,grocery_net,68.65
1386,2014-09-06,gas_transport,49.73
1387,2014-09-06,misc_net,38.77
418,2013-07-21,grocery_pos,53.3
419,2013-07-21,shopping_pos,26.5
1382,2014-09-05,shopping_pos,104.27
1383,2014-09-05,misc_pos,1.72
2446,2015-12-06,shopping_pos,11.72
2438,2015-12-04,utilities,58.61
368,2013-07-03,entertainment,13.42
369,2013-07-03,grocery_pos,89.69
366,2013-07-02,entertainment,34.19
367,2013-07-03,home,31.74
364,2013-06-30,pharmacy,11.96
365,2013-06-30,grocery_net,54.51
362,2013-06-29,grocery_pos,12.46
363,2013-06-29,home,4.92
360,2013-06-28,shopping_net,95.74
361,2013-06-29,pharmacy,51.42
380,2013-07-07,pharmacy,23.37
381,2013-07-07,misc_net,373.08
382,2013-07-07,utilities,46.4
383,2013-07-07,home,9.8
384,2013-07-07,misc_net,39.68
385,2013-07-08,shopping_pos,2.84
386,2013-07-12,personal_care,29.6
387,2013-07-12,health_fitness,71.46
388,2013-07-12,health_fitness,38.1
389,2013-07-12,entertainment,32.86
2190,2015-08-22,shopping_pos,14.71
2191,2015-08-23,kids_pets,0.41
258,2013-05-25,shopping_net,881.27
259,2013-05-25,shopping_net,81.44
2194,2015-08-23,grocery_pos,68.44
2195,2015-08-23,gas_transport,54.19
2196,2015-08-23,gas_transport,74.61
2197,2015-08-24,personal_care,3.26
252,2013-05-24,shopping_pos,21.93
253,2013-05-24,kids_pets,7.3
250,2013-05-24,grocery_pos,58.64
251,2013-05-24,gas_transport,89.5
256,2013-05-25,health_fitness,238.51
257,2013-05-25,kids_pets,5.24
254,2013-05-24,kids_pets,92.01
255,2013-05-24,food_dining,36.7
2200,2015-08-25,gas_transport,59.21
2201,2015-08-25,shopping_net,1.08
2202,2015-08-25,misc_net,214.76
2203,2015-08-25,kids_pets,6.63
2204,2015-08-26,health_fitness,18.75
2205,2015-08-26,grocery_pos,49.69
2206,2015-08-28,home,25.63
2207,2015-08-28,pharmacy,23.42
2208,2015-08-28,travel,38.48
2209,2015-08-28,gas_transport,56.97
1679,2015-01-05,home,18.5
2428,2015-11-30,entertainment,83.64
2429,2015-11-30,misc_net,3.23
2400,2015-11-21,shopping_pos,0.2
2420,2015-11-28,grocery_net,33.52
2421,2015-11-28,shopping_net,1.07
2422,2015-11-28,pharmacy,25.1
2423,2015-11-29,gas_transport,89.82
2424,2015-11-29,shopping_pos,4.28
1849,2015-04-08,gas_transport,47.75
2426,2015-11-29,gas_transport,49.88
2427,2015-11-30,grocery_net,18.2
2432,2015-12-01,grocery_pos,18.56
1848,2015-04-08,gas_transport,48.33
168,2013-04-06,shopping_net,141.24
169,2013-04-06,grocery_pos,58.7
164,2013-04-05,entertainment,10.65
165,2013-04-06,utilities,48.21
166,2013-04-06,utilities,60.95
167,2013-04-06,pharmacy,91.36
160,2013-04-03,health_fitness,47.44
161,2013-04-03,health_fitness,41.47
162,2013-04-04,misc_pos,139.9
163,2013-04-05,pharmacy,27.21
2518,2015-12-21,shopping_net,1852.36
2519,2015-12-22,gas_transport,42.19
1842,2015-04-05,gas_transport,77.77
2514,2015-12-20,health_fitness,20.44
2515,2015-12-20,misc_pos,90.77
2516,2015-12-21,misc_net,54.64
2517,2015-12-21,personal_care,1.6
2510,2015-12-20,shopping_pos,0.57
1841,2015-04-04,entertainment,41.75
2512,2015-12-20,kids_pets,94.86
2513,2015-12-20,home,50.08
1840,2015-04-04,misc_net,0.22
678,2013-11-09,utilities,82.78
679,2013-11-10,shopping_net,1.87
1814,2015-03-27,gas_transport,60.5
1815,2015-03-27,health_fitness,44.34
1816,2015-03-28,home,1.89
1817,2015-03-28,shopping_net,1518.8
1810,2015-03-24,kids_pets,27.0
1811,2015-03-24,misc_pos,0.23
1812,2015-03-25,kids_pets,25.86
1813,2015-03-26,personal_care,0.71
1818,2015-03-28,gas_transport,60.5
1819,2015-03-29,shopping_pos,10.58
670,2013-11-05,food_dining,99.41
671,2013-11-08,entertainment,23.58
2401,2015-11-21,misc_net,0.24
1609,2014-12-17,shopping_pos,33.16
1608,2014-12-17,home,23.52
1979,2015-06-02,home,7.65
1978,2015-06-02,entertainment,19.6
1601,2014-12-13,entertainment,139.07
1600,2014-12-13,misc_pos,0.28
1603,2014-12-13,kids_pets,105.78
1602,2014-12-13,misc_net,0.31
1605,2014-12-14,grocery_net,46.46
1604,2014-12-14,shopping_pos,5.17
1607,2014-12-17,utilities,40.52
1606,2014-12-14,shopping_pos,539.07
809,2013-12-26,grocery_net,46.49
808,2013-12-26,home,12.05
803,2013-12-22,pharmacy,40.62
802,2013-12-22,food_dining,31.87
801,2013-12-22,grocery_pos,68.09
800,2013-12-21,kids_pets,169.43
807,2013-12-24,kids_pets,26.46
806,2013-12-23,kids_pets,25.9
805,2013-12-22,gas_transport,54.05
804,2013-12-22,home,255.35
1775,2015-03-06,gas_transport,34.56
1774,2015-03-03,shopping_pos,4.5
1777,2015-03-07,grocery_pos,65.15
1776,2015-03-06,utilities,110.82
1771,2015-03-01,misc_net,11.65
1770,2015-03-01,utilities,62.16
1773,2015-03-01,grocery_net,30.59
1772,2015-03-01,personal_care,0.24
1779,2015-03-07,shopping_net,2.92
1778,2015-03-07,grocery_pos,15.99
608,2013-10-03,misc_pos,2.75
1159,2014-06-07,health_fitness,17.78
1158,2014-06-07,utilities,68.45
1155,2014-06-07,pharmacy,4.82
1154,2014-06-06,shopping_net,5.33
1157,2014-06-07,home,19.22
1156,2014-06-07,personal_care,79.42
1151,2014-06-04,gas_transport,55.84
1150,2014-06-04,misc_net,198.25
1153,2014-06-06,travel,171.84
1152,2014-06-06,grocery_pos,68.43
1555,2014-11-30,kids_pets,39.87
1554,2014-11-30,gas_transport,47.1
1551,2014-11-30,utilities,33.67
1550,2014-11-29,entertainment,23.19
1553,2014-11-30,shopping_pos,27.74
1552,2014-11-30,pharmacy,18.08
59,2013-02-15,shopping_net,0.21
58,2013-02-13,shopping_pos,365.49
1557,2014-12-02,food_dining,139.82
1556,2014-11-30,personal_care,0.58
55,2013-02-10,pharmacy,24.61
54,2013-02-10,personal_care,19.41
57,2013-02-12,shopping_pos,119.33
56,2013-02-10,home,79.75
51,2013-02-09,misc_pos,188.95
50,2013-02-09,shopping_net,2.66
53,2013-02-09,home,38.35
52,2013-02-09,entertainment,40.95
537,2013-09-01,food_dining,0.63
536,2013-09-01,misc_net,0.52
535,2013-09-01,shopping_net,0.24
534,2013-09-01,home,66.21
533,2013-09-01,misc_pos,2.46
532,2013-09-01,gas_transport,53.75
531,2013-08-31,pharmacy,45.61
530,2013-08-31,grocery_net,36.81
539,2013-09-03,shopping_pos,47.52
538,2013-09-01,grocery_pos,92.22
1558,2014-12-02,home,43.5
429,2013-07-26,shopping_pos,712.84
428,2013-07-26,home,34.86
1399,2014-09-13,kids_pets,25.81
1398,2014-09-13,grocery_pos,41.51
421,2013-07-21,shopping_net,311.22
420,2013-07-21,misc_pos,36.63
423,2013-07-23,travel,58.14
422,2013-07-22,shopping_net,664.62
425,2013-07-26,travel,0.43
424,2013-07-25,home,92.28
427,2013-07-26,shopping_pos,4.03
426,2013-07-26,kids_pets,54.4
853,2014-01-11,shopping_pos,15.03
2183,2015-08-21,food_dining,13.24
2182,2015-08-21,misc_pos,14.83
2181,2015-08-21,misc_pos,36.06
2180,2015-08-18,shopping_pos,44.69
2187,2015-08-22,pharmacy,19.34
2186,2015-08-22,food_dining,29.89
229,2013-05-12,personal_care,0.66
228,2013-05-11,entertainment,54.66
227,2013-05-11,gas_transport,43.59
226,2013-05-11,personal_care,9.84
225,2013-05-10,food_dining,9.67
224,2013-05-10,shopping_net,32.35
223,2013-05-10,kids_pets,104.78
222,2013-05-10,misc_net,19.21
221,2013-05-10,entertainment,4.51
220,2013-05-08,gas_transport,39.7
2213,2015-08-29,health_fitness,3.67
2212,2015-08-29,personal_care,0.35
2211,2015-08-29,home,99.46
2210,2015-08-28,pharmacy,4.81
2217,2015-08-29,grocery_pos,52.14
2216,2015-08-29,food_dining,10.5
2215,2015-08-29,personal_care,1.25
2214,2015-08-29,pharmacy,18.26
2219,2015-08-30,food_dining,5.06
2218,2015-08-29,entertainment,48.34
2230,2015-09-05,home,53.56
151,2013-03-30,entertainment,217.68
150,2013-03-30,gas_transport,41.73
153,2013-03-30,health_fitness,124.62
152,2013-03-30,home,36.31
155,2013-03-31,pharmacy,36.02
154,2013-03-31,pharmacy,19.1
157,2013-03-31,grocery_pos,46.28
156,2013-03-31,shopping_pos,0.25
159,2013-04-03,shopping_net,3.06
158,2013-04-02,health_fitness,191.34
2431,2015-12-01,shopping_net,55.37
2430,2015-11-30,shopping_pos,40.77
2437,2015-12-04,health_fitness,42.49
2436,2015-12-03,entertainment,52.95
2435,2015-12-02,kids_pets,19.24
2434,2015-12-02,misc_net,10.65
2236,2015-09-08,gas_transport,70.3
2509,2015-12-20,pharmacy,56.5
2508,2015-12-20,shopping_pos,76.93
2507,2015-12-19,kids_pets,20.0
2506,2015-12-19,misc_net,112.12
2505,2015-12-19,entertainment,16.37
2504,2015-12-19,entertainment,59.35
2503,2015-12-19,misc_pos,445.52
2502,2015-12-19,entertainment,29.96
2501,2015-12-19,grocery_pos,21.7
2500,2015-12-19,food_dining,24.72
2199,2015-08-24,food_dining,52.03
1807,2015-03-21,health_fitness,2.25
1806,2015-03-20,kids_pets,61.14
1805,2015-03-20,health_fitness,51.31
1804,2015-03-18,home,9.38
1803,2015-03-15,food_dining,39.05
1802,2015-03-15,home,0.77
1801,2015-03-15,shopping_pos,2.02
1800,2015-03-15,entertainment,278.04
1809,2015-03-23,pharmacy,131.32
1808,2015-03-22,shopping_pos,140.67
1524,2014-11-20,utilities,47.82
1948,2015-05-23,gas_transport,59.65
1544,2014-11-29,shopping_net,0.85
1525,2014-11-21,shopping_pos,1993.39
1942,2015-05-19,personal_care,27.8
1943,2015-05-20,gas_transport,99.04
1940,2015-05-17,entertainment,97.41
1941,2015-05-18,travel,4.09
1946,2015-05-23,entertainment,38.31
1526,2014-11-21,health_fitness,40.36
1944,2015-05-20,shopping_pos,0.69
1945,2015-05-22,personal_care,3.96
818,2013-12-28,shopping_pos,0.51
0,2013-01-01,grocery_pos,17.68
1527,2014-11-21,shopping_net,1636.95
810,2013-12-27,personal_care,27.6
811,2013-12-27,grocery_net,57.55
812,2013-12-27,travel,39.96
813,2013-12-27,home,118.07
814,2013-12-27,home,99.12
815,2013-12-27,shopping_net,540.77
816,2013-12-27,pharmacy,23.52
817,2013-12-28,entertainment,10.47
1545,2014-11-29,shopping_pos,1.52
1522,2014-11-20,kids_pets,12.53
1990,2015-06-07,travel,839.51
1523,2014-11-20,entertainment,171.26
1993,2015-06-10,grocery_pos,36.45
1490,2014-11-01,grocery_net,80.46
1397,2014-09-12,grocery_net,35.21
1492,2014-11-01,shopping_pos,3.33
1493,2014-11-01,kids_pets,74.58
1494,2014-11-02,food_dining,4.22
1495,2014-11-02,gas_transport,75.32
1496,2014-11-02,shopping_pos,1.01
1396,2014-09-12,utilities,110.9
1498,2014-11-07,gas_transport,54.99
1499,2014-11-07,gas_transport,68.32
1395,2014-09-11,health_fitness,27.48
1994,2015-06-10,gas_transport,46.51
1700,2015-01-17,misc_pos,0.39
1701,2015-01-18,shopping_net,103.54
1702,2015-01-18,shopping_pos,3.41
1394,2014-09-11,misc_pos,12.59
1704,2015-01-21,personal_care,2.45
1705,2015-01-21,home,20.08
1706,2015-01-23,entertainment,11.53
1707,2015-01-23,health_fitness,32.06
1708,2015-01-24,grocery_net,33.67
1393,2014-09-10,shopping_pos,113.86
1996,2015-06-11,grocery_net,72.02
1392,2014-09-09,shopping_net,1176.15
1391,2014-09-09,gas_transport,57.18
1390,2014-09-09,misc_pos,256.61
1128,2014-05-28,gas_transport,37.21
1129,2014-05-28,shopping_net,46.74
1628,2014-12-21,gas_transport,54.36
1120,2014-05-26,health_fitness,158.96
1121,2014-05-26,kids_pets,8.87
1122,2014-05-27,utilities,87.72
1123,2014-05-27,shopping_pos,157.01
1124,2014-05-28,home,10.07
1125,2014-05-28,entertainment,115.46
1126,2014-05-28,pharmacy,21.38
1127,2014-05-28,health_fitness,38.95
524,2013-08-30,shopping_pos,4.37
525,2013-08-31,personal_care,0.27
526,2013-08-31,travel,10.12
527,2013-08-31,gas_transport,62.69
520,2013-08-27,grocery_net,32.86
521,2013-08-29,food_dining,154.41
522,2013-08-29,entertainment,14.71
523,2013-08-29,shopping_pos,43.91
1014,2014-04-07,entertainment,98.84
1015,2014-04-08,personal_care,12.7
1016,2014-04-08,gas_transport,36.44
1017,2014-04-09,travel,0.28
528,2013-08-31,entertainment,95.89
529,2013-08-31,misc_pos,0.48
1012,2014-04-06,utilities,105.78
1013,2014-04-07,entertainment,35.41
1234,2014-07-05,shopping_pos,4.7
1235,2014-07-06,kids_pets,37.53
1236,2014-07-06,travel,1.23
1237,2014-07-10,shopping_pos,487.08
1230,2014-07-05,shopping_pos,496.32
1231,2014-07-05,health_fitness,68.86
1232,2014-07-05,home,39.22
1233,2014-07-05,kids_pets,33.0
1238,2014-07-10,entertainment,12.76
1239,2014-07-11,kids_pets,109.24
2526,2015-12-24,gas_transport,85.48
438,2013-07-28,utilities,75.14
439,2013-07-28,shopping_pos,1.01
436,2013-07-28,health_fitness,14.49
437,2013-07-28,kids_pets,55.81
434,2013-07-27,home,10.41
435,2013-07-28,misc_net,9.57
432,2013-07-27,shopping_pos,0.48
433,2013-07-27,gas_transport,67.77
430,2013-07-27,personal_care,1.51
431,2013-07-27,shopping_net,1.02
2481,2015-12-14,entertainment,65.83
1967,2015-05-29,utilities,87.24
1960,2015-05-27,shopping_pos,1080.65
1961,2015-05-28,home,15.65
2464,2015-12-12,travel,2.93
2465,2015-12-12,shopping_pos,0.34
2466,2015-12-12,misc_pos,65.31
2467,2015-12-12,gas_transport,39.93
238,2013-05-17,shopping_pos,2.07
239,2013-05-17,food_dining,11.33
234,2013-05-14,personal_care,152.99
235,2013-05-15,grocery_pos,63.34
236,2013-05-17,travel,4.23
237,2013-05-17,gas_transport,59.9
230,2013-05-12,kids_pets,51.1
231,2013-05-12,grocery_net,29.68
232,2013-05-14,grocery_pos,57.49
233,2013-05-14,entertainment,41.34
2462,2015-12-12,misc_net,6.56
2228,2015-09-04,gas_transport,67.96
2229,2015-09-05,home,6.91
2226,2015-09-03,home,24.85
2227,2015-09-04,home,118.41
2224,2015-09-02,utilities,83.52
2225,2015-09-03,shopping_net,2.4
2222,2015-08-30,personal_care,6.51
2223,2015-08-30,misc_net,4.31
2220,2015-08-30,gas_transport,68.65
2221,2015-08-30,shopping_net,4.74
1,2013-01-01,grocery_pos,70.66
146,2013-03-29,shopping_net,675.63
147,2013-03-29,travel,1253.6
144,2013-03-26,kids_pets,21.01
145,2013-03-29,travel,1.39
142,2013-03-26,gas_transport,85.03
143,2013-03-26,gas_transport,67.01
140,2013-03-24,personal_care,0.37
141,2013-03-24,misc_pos,161.44
2468,2015-12-12,home,27.93
148,2013-03-29,kids_pets,127.37
149,2013-03-29,shopping_net,0.65
2088,2015-07-18,utilities,63.39
2089,2015-07-18,shopping_net,45.23
2082,2015-07-14,shopping_net,0.58
2083,2015-07-17,home,71.83
2080,2015-07-12,shopping_net,0.43
2081,2015-07-14,misc_pos,5.27
2086,2015-07-17,gas_transport,58.63
2087,2015-07-18,entertainment,77.42
2084,2015-07-17,shopping_pos,247.62
2085,2015-07-17,shopping_net,0.53
2538,2015-12-25,shopping_pos,257.93
2539,2015-12-26,personal_care,27.08
2532,2015-12-25,misc_pos,2.82
2533,2015-12-25,grocery_net,22.56
2530,2015-12-24,shopping_net,2.12
2531,2015-12-24,food_dining,113.89
2536,2015-12-25,gas_transport,71.38
2537,2015-12-25,shopping_pos,2.16
2534,2015-12-25,travel,8.03
2535,2015-12-25,home,178.8
1832,2015-04-01,personal_care,46.05
1833,2015-04-01,pharmacy,39.11
1830,2015-04-01,entertainment,56.21
1831,2015-04-01,home,62.41
1836,2015-04-03,kids_pets,0.68
1837,2015-04-04,health_fitness,8.82
1834,2015-04-02,food_dining,115.81
1835,2015-04-03,shopping_pos,7.09
1838,2015-04-04,gas_transport,49.99
1839,2015-04-04,shopping_net,120.96
2154,2015-08-08,misc_net,145.26
2155,2015-08-08,misc_net,112.29
939,2014-03-01,kids_pets,64.82
938,2014-03-01,shopping_pos,293.56
2150,2015-08-08,utilities,72.28
2151,2015-08-08,travel,16012.02
2152,2015-08-08,gas_transport,65.16
2153,2015-08-08,grocery_pos,90.88
933,2014-02-25,misc_net,2.56
932,2014-02-23,gas_transport,51.62
931,2014-02-23,home,71.14
930,2014-02-23,kids_pets,10.19
937,2014-03-01,gas_transport,52.64
936,2014-02-28,misc_pos,5.79
935,2014-02-28,grocery_pos,40.15
934,2014-02-26,personal_care,5.28
1955,2015-05-24,utilities,71.07
1954,2015-05-23,entertainment,61.49
1957,2015-05-24,entertainment,65.52
1956,2015-05-24,grocery_net,40.72
1951,2015-05-23,grocery_pos,24.92
1950,2015-05-23,misc_pos,2.75
1953,2015-05-23,gas_transport,53.98
1952,2015-05-23,personal_care,71.43
1959,2015-05-26,misc_net,51.39
1958,2015-05-25,pharmacy,8.35
829,2013-12-29,pharmacy,25.94
828,2013-12-29,misc_pos,184.62
825,2013-12-29,shopping_net,166.75
824,2013-12-28,home,6.38
827,2013-12-29,shopping_pos,0.23
826,2013-12-29,personal_care,12.83
821,2013-12-28,shopping_pos,0.4
820,2013-12-28,travel,1.67
823,2013-12-28,grocery_pos,32.93
822,2013-12-28,utilities,69.01
1536,2014-11-24,home,123.31
2409,2015-11-24,kids_pets,55.93
1483,2014-10-29,health_fitness,45.64
1482,2014-10-26,personal_care,4.41
1481,2014-10-26,gas_transport,88.11
1480,2014-10-26,shopping_pos,31.16
1487,2014-11-01,shopping_net,446.96
1486,2014-10-31,shopping_pos,61.52
1485,2014-10-31,grocery_net,21.17
1484,2014-10-29,personal_care,356.79
1489,2014-11-01,health_fitness,21.42
1488,2014-11-01,grocery_net,54.58
797,2013-12-21,pharmacy,17.15
796,2013-12-21,home,40.68
795,2013-12-21,travel,6.22
794,2013-12-21,personal_care,234.77
793,2013-12-20,shopping_pos,168.02
792,2013-12-20,pharmacy,12.72
791,2013-12-20,utilities,56.27
790,2013-12-20,pharmacy,66.84
1719,2015-02-05,kids_pets,62.98
1718,2015-02-04,home,11.57
2413,2015-11-27,gas_transport,61.91
799,2013-12-21,entertainment,9.8
798,2013-12-21,health_fitness,1.27
1270,2014-07-22,food_dining,55.93
2412,2015-11-27,gas_transport,53.58
1271,2014-07-23,personal_care,0.33
2415,2015-11-27,pharmacy,38.71
1272,2014-07-23,kids_pets,20.48
2414,2015-11-27,gas_transport,48.64
1139,2014-05-31,shopping_net,710.58
1138,2014-05-31,grocery_net,50.42
2417,2015-11-28,shopping_pos,0.25
1133,2014-05-30,kids_pets,72.74
1132,2014-05-29,home,3.68
1131,2014-05-29,grocery_pos,46.9
1130,2014-05-29,shopping_net,31.92
1137,2014-05-31,pharmacy,19.33
1136,2014-05-31,food_dining,1.84
1135,2014-05-30,entertainment,21.93
1134,2014-05-30,entertainment,30.28
2419,2015-11-28,utilities,88.44
1276,2014-07-24,home,69.75
2418,2015-11-28,utilities,58.8
1277,2014-07-24,grocery_pos,38.13
519,2013-08-27,entertainment,7.97
518,2013-08-26,shopping_pos,0.35
2149,2015-08-08,pharmacy,19.58
1009,2014-04-05,personal_care,24.61
1008,2014-04-05,health_fitness,65.0
1007,2014-04-04,shopping_pos,2.51
1006,2014-04-04,shopping_pos,16.35
1005,2014-04-04,home,89.32
1004,2014-04-01,shopping_pos,460.44
515,2013-08-25,grocery_pos,39.53
1002,2014-03-29,food_dining,6.3
517,2013-08-25,entertainment,4.85
1000,2014-03-29,shopping_pos,1.22
623,2013-10-11,grocery_pos,92.9
622,2013-10-10,grocery_pos,56.14
1225,2014-07-04,pharmacy,25.6
620,2013-10-08,grocery_net,48.49
627,2013-10-12,gas_transport,60.6
626,2013-10-11,misc_pos,3.91
625,2013-10-11,gas_transport,45.85
624,2013-10-11,misc_net,0.25
629,2013-10-12,entertainment,16.88
628,2013-10-12,food_dining,3.46
1229,2014-07-05,health_fitness,34.65
1228,2014-07-05,gas_transport,51.36
1535,2014-11-24,utilities,67.26
2,2013-01-01,utilities,59.61
1286,2014-07-26,grocery_net,16.21
11,2013-01-09,kids_pets,166.44
10,2013-01-09,gas_transport,74.59
13,2013-01-10,grocery_pos,39.95
12,2013-01-10,shopping_net,587.53
15,2013-01-11,home,14.15
14,2013-01-11,home,6.42
17,2013-01-11,home,10.18
16,2013-01-11,shopping_pos,342.91
19,2013-01-12,gas_transport,49.0
18,2013-01-11,utilities,77.77
2382,2015-11-08,kids_pets,61.15
1534,2014-11-23,shopping_pos,81.07
201,2013-04-26,pharmacy,25.5
200,2013-04-25,misc_pos,7.94
203,2013-04-27,misc_pos,8.39
202,2013-04-26,entertainment,185.58
205,2013-04-27,pharmacy,64.91
204,2013-04-27,health_fitness,35.54
207,2013-04-27,shopping_pos,321.86
206,2013-04-27,home,3.35
209,2013-04-30,entertainment,4.55
208,2013-04-30,gas_transport,84.87
1573,2014-12-06,food_dining,0.66
1572,2014-12-06,entertainment,165.0
1571,2014-12-06,shopping_net,3.35
2239,2015-09-09,shopping_pos,2475.2
2238,2015-09-08,shopping_pos,78.28
1570,2014-12-06,pharmacy,78.15
2231,2015-09-05,shopping_net,17.33
1577,2014-12-07,grocery_net,77.96
2233,2015-09-06,misc_pos,393.18
2232,2015-09-06,shopping_net,0.71
2235,2015-09-07,kids_pets,91.99
2234,2015-09-06,shopping_pos,0.26
2237,2015-09-08,shopping_pos,0.41
1576,2014-12-07,misc_pos,7.2
1575,2014-12-06,misc_net,90.98
1574,2014-12-06,gas_transport,61.01
2185,2015-08-21,misc_pos,45.3
2184,2015-08-21,shopping_net,0.73
2095,2015-07-19,pharmacy,75.22
2094,2015-07-19,misc_net,316.44
2097,2015-07-21,shopping_pos,1308.96
2096,2015-07-21,health_fitness,20.96
2091,2015-07-18,grocery_pos,29.06
2090,2015-07-18,entertainment,50.51
2093,2015-07-19,gas_transport,44.49
2092,2015-07-19,food_dining,26.29
2099,2015-07-21,travel,0.36
2098,2015-07-21,entertainment,6.09
2525,2015-12-24,home,24.52
2524,2015-12-24,personal_care,2.59
2527,2015-12-24,travel,12287.36
2188,2015-08-22,misc_pos,25.87
2521,2015-12-22,grocery_pos,56.05
2520,2015-12-22,food_dining,84.48
2523,2015-12-23,misc_pos,420.98
2522,2015-12-23,health_fitness,94.65
2529,2015-12-24,shopping_net,40.87
2528,2015-12-24,pharmacy,3.29
1829,2015-04-01,personal_care,0.39
1828,2015-03-31,personal_care,0.29
1825,2015-03-31,health_fitness,2.66
1824,2015-03-31,shopping_pos,476.5
1827,2015-03-31,shopping_pos,228.16
1826,2015-03-31,pharmacy,16.58
1821,2015-03-30,shopping_pos,117.74
1820,2015-03-30,utilities,80.88
1823,2015-03-31,kids_pets,101.68
1822,2015-03-31,kids_pets,146.84
928,2014-02-23,grocery_pos,42.31
929,2014-02-23,gas_transport,91.61
2145,2015-08-05,travel,122.6
2144,2015-08-02,health_fitness,13.53
2143,2015-08-02,shopping_pos,1.96
2142,2015-08-02,grocery_net,23.59
2141,2015-08-02,pharmacy,12.77
2140,2015-08-02,entertainment,58.64
920,2014-02-19,food_dining,51.3
921,2014-02-20,misc_pos,38.93
922,2014-02-22,pharmacy,22.87
923,2014-02-22,utilities,72.47
924,2014-02-22,entertainment,124.03
925,2014-02-22,pharmacy,34.34
926,2014-02-22,utilities,102.7
927,2014-02-22,entertainment,56.67
2411,2015-11-25,health_fitness,110.73
1920,2015-05-09,shopping_net,358.37
1921,2015-05-10,kids_pets,39.33
1922,2015-05-10,shopping_net,176.62
1923,2015-05-12,entertainment,35.69
1924,2015-05-12,misc_pos,238.89
1925,2015-05-12,food_dining,2.32
1926,2015-05-13,gas_transport,66.01
1927,2015-05-13,utilities,80.32
1928,2015-05-14,gas_transport,48.45
1929,2015-05-14,food_dining,2.53
832,2013-12-29,health_fitness,1.44
833,2013-12-30,kids_pets,24.43
830,2013-12-29,gas_transport,51.61
831,2013-12-29,utilities,71.15
836,2014-01-01,misc_pos,9.1
837,2014-01-02,misc_pos,116.92
834,2013-12-30,health_fitness,198.77
835,2013-12-31,health_fitness,84.54
838,2014-01-03,misc_pos,9.82
839,2014-01-03,utilities,36.5
3,2013-01-02,utilities,69.61
1986,2015-06-06,misc_pos,46.02
2511,2015-12-20,shopping_pos,1200.26
1987,2015-06-06,gas_transport,46.33
1532,2014-11-23,entertainment,75.95
784,2013-12-17,utilities,108.36
785,2013-12-18,pharmacy,114.21
786,2013-12-18,utilities,27.24
787,2013-12-18,shopping_net,0.48
780,2013-12-15,health_fitness,37.0
781,2013-12-16,food_dining,8.73
782,2013-12-16,misc_net,228.94
783,2013-12-17,misc_pos,132.45
1726,2015-02-07,misc_pos,8.87
1727,2015-02-07,shopping_pos,0.95
1724,2015-02-07,misc_pos,2.21
1725,2015-02-07,grocery_pos,33.81
788,2013-12-19,gas_transport,98.89
789,2013-12-19,food_dining,0.26
1720,2015-02-06,shopping_net,901.06
1721,2015-02-06,home,162.75
2355,2015-10-27,gas_transport,67.24
2439,2015-12-04,pharmacy,66.32
60,2013-02-16,grocery_pos,44.8
61,2013-02-16,misc_net,3.23
62,2013-02-16,personal_care,1.61
63,2013-02-17,entertainment,33.98
64,2013-02-17,home,9.39
65,2013-02-19,misc_pos,271.44
66,2013-02-21,kids_pets,151.53
67,2013-02-22,grocery_net,25.23
68,2013-02-23,pharmacy,30.57
69,2013-02-23,kids_pets,61.29
1371,2014-08-30,shopping_pos,0.6
1588,2014-12-10,grocery_pos,56.76
1589,2014-12-10,misc_pos,1.28
1370,2014-08-30,grocery_pos,53.2
1582,2014-12-09,grocery_pos,42.93
1583,2014-12-09,gas_transport,89.39
1580,2014-12-07,gas_transport,41.2
1581,2014-12-08,health_fitness,31.69
1586,2014-12-10,grocery_net,43.68
1373,2014-08-31,health_fitness,44.7
1584,2014-12-09,pharmacy,44.0
1585,2014-12-10,health_fitness,32.13
2433,2015-12-02,gas_transport,66.47
1038,2014-04-18,gas_transport,51.6
1039,2014-04-18,utilities,81.67
508,2013-08-23,kids_pets,15.37
509,2013-08-23,entertainment,14.04
1032,2014-04-13,shopping_net,4.55
507,2013-08-22,home,61.84
1030,2014-04-13,shopping_net,0.7
505,2013-08-19,gas_transport,48.48
502,2013-08-18,entertainment,4.88
503,2013-08-18,grocery_net,38.76
500,2013-08-17,grocery_pos,30.8
501,2013-08-17,food_dining,2.38
1212,2014-06-28,shopping_net,590.67
1213,2014-06-28,shopping_net,0.43
632,2013-10-14,shopping_net,1102.36
633,2013-10-16,health_fitness,9.67
1216,2014-07-01,misc_net,50.58
1217,2014-07-01,shopping_net,627.94
636,2013-10-19,grocery_pos,52.62
637,2013-10-19,personal_care,5.77
638,2013-10-19,shopping_net,709.16
639,2013-10-20,kids_pets,66.53
1218,2014-07-01,gas_transport,40.7
1219,2014-07-02,shopping_net,226.9
2416,2015-11-27,pharmacy,48.01
465,2013-08-06,gas_transport,52.06
1728,2015-02-07,gas_transport,72.15
1729,2015-02-07,misc_pos,5.88
1106,2014-05-19,grocery_net,61.86
1107,2014-05-19,food_dining,66.38
1104,2014-05-17,travel,96.87
1105,2014-05-18,gas_transport,58.73
1102,2014-05-17,grocery_pos,47.2
1103,2014-05-17,gas_transport,67.72
1100,2014-05-17,kids_pets,78.22
1101,2014-05-17,shopping_net,25.74
1458,2014-10-19,entertainment,110.46
1459,2014-10-19,shopping_pos,0.33
1108,2014-05-22,misc_net,22.93
1109,2014-05-23,travel,284.86
1722,2015-02-06,utilities,65.15
1723,2015-02-06,utilities,123.64
1897,2015-04-29,gas_transport,56.32
1891,2015-04-25,shopping_pos,32.79
2136,2015-08-01,gas_transport,66.09
2137,2015-08-01,health_fitness,25.19
216,2013-05-03,gas_transport,48.92
217,2013-05-06,utilities,87.98
214,2013-05-03,gas_transport,73.0
215,2013-05-03,food_dining,220.67
212,2013-05-01,misc_pos,0.33
213,2013-05-02,misc_pos,14.4
210,2013-05-01,gas_transport,63.79
211,2013-05-01,misc_net,13.88
1530,2014-11-22,shopping_net,0.27
218,2013-05-08,health_fitness,37.57
219,2013-05-08,entertainment,13.06
2138,2015-08-02,shopping_net,11.05
2139,2015-08-02,entertainment,48.22
4,2013-01-03,shopping_pos,6.69
2550,2015-12-27,kids_pets,18.5
2551,2015-12-27,misc_net,173.29
2552,2015-12-28,kids_pets,7.9
2553,2015-12-28,gas_transport,83.52
2554,2015-12-28,misc_net,0.54
2555,2015-12-29,misc_pos,0.72
2556,2015-12-30,home,15.74
2557,2015-12-30,health_fitness,33.97
2558,2015-12-30,kids_pets,79.86
2559,2015-12-30,kids_pets,4.4
2396,2015-11-17,grocery_pos,32.28
2397,2015-11-18,travel,1.91
2394,2015-11-15,personal_care,11.41
2395,2015-11-15,home,64.47
2392,2015-11-15,personal_care,2.3
2393,2015-11-15,grocery_pos,48.75
2390,2015-11-14,utilities,93.57
2391,2015-11-14,shopping_pos,42.39
2398,2015-11-20,utilities,88.31
2399,2015-11-21,shopping_pos,4723.37
1858,2015-04-12,gas_transport,60.06
1859,2015-04-12,entertainment,107.41
1850,2015-04-09,grocery_pos,38.37
1851,2015-04-09,shopping_net,0.72
1852,2015-04-09,health_fitness,5.69
1853,2015-04-10,gas_transport,74.56
1854,2015-04-10,shopping_pos,171.25
1855,2015-04-11,shopping_net,312.52
1856,2015-04-11,shopping_pos,30.08
1857,2015-04-11,home,23.52
2172,2015-08-15,utilities,85.07
2173,2015-08-15,kids_pets,55.23
2170,2015-08-14,shopping_net,210.33
2171,2015-08-14,shopping_pos,12.02
919,2014-02-18,shopping_net,2034.46
918,2014-02-18,misc_pos,6.1
2174,2015-08-15,home,76.86
2175,2015-08-15,entertainment,40.57
915,2014-02-15,grocery_pos,62.81
914,2014-02-15,travel,27.02
917,2014-02-18,personal_care,29.83
916,2014-02-16,grocery_net,53.31
911,2014-02-14,shopping_net,21.43
910,2014-02-14,gas_transport,68.34
913,2014-02-15,utilities,65.25
912,2014-02-14,entertainment,9.39
1933,2015-05-16,shopping_pos,1486.92
1932,2015-05-16,misc_pos,0.73
1931,2015-05-16,grocery_pos,59.33
1930,2015-05-15,pharmacy,29.47
1937,2015-05-16,pharmacy,22.46
1936,2015-05-16,personal_care,31.93
1935,2015-05-16,food_dining,5.18
1934,2015-05-16,misc_net,0.3
1939,2015-05-17,kids_pets,65.2
1938,2015-05-16,health_fitness,17.36
847,2014-01-07,misc_pos,180.49
846,2014-01-07,food_dining,17.2
845,2014-01-06,travel,0.62
844,2014-01-05,utilities,69.08
843,2014-01-05,entertainment,134.11
842,2014-01-04,home,16.86
841,2014-01-03,gas_transport,79.5
840,2014-01-03,kids_pets,2.21
849,2014-01-10,shopping_net,66.1
848,2014-01-10,gas_transport,70.02
2406,2015-11-22,utilities,52.28
663,2013-11-01,health_fitness,110.08
1587,2014-12-10,health_fitness,49.9
2407,2015-11-24,food_dining,14.59
1739,2015-02-14,shopping_pos,1.83
1738,2015-02-14,shopping_pos,1.19
1731,2015-02-07,health_fitness,12.48
1730,2015-02-07,shopping_pos,84.34
1733,2015-02-13,health_fitness,49.55
1732,2015-02-12,home,85.58
662,2013-11-01,health_fitness,9.19
1734,2015-02-13,utilities,125.9
1737,2015-02-13,entertainment,74.08
1736,2015-02-13,shopping_net,35.67
2404,2015-11-21,entertainment,48.65
753,2013-12-11,health_fitness,28.97
752,2013-12-11,misc_pos,0.69
751,2013-12-10,utilities,80.26
750,2013-12-10,kids_pets,10.4
757,2013-12-13,home,7.17
756,2013-12-13,food_dining,64.56
755,2013-12-12,shopping_pos,9.2
754,2013-12-12,travel,0.28
759,2013-12-13,misc_net,14.43
758,2013-12-13,kids_pets,11.74
1595,2014-12-12,shopping_pos,412.84
506,2013-08-20,grocery_net,17.93
1597,2014-12-13,gas_transport,89.9
1596,2014-12-12,personal_care,3.77
1591,2014-12-11,health_fitness,17.43
1590,2014-12-11,home,8.96
1593,2014-12-12,shopping_pos,82.84
1033,2014-04-15,home,3.56
1599,2014-12-13,shopping_pos,13.51
504,2013-08-18,shopping_net,77.84
1025,2014-04-12,food_dining,68.55
1024,2014-04-11,gas_transport,82.47
1027,2014-04-13,entertainment,85.8
1031,2014-04-13,grocery_net,21.61
1021,2014-04-10,pharmacy,9.61
1020,2014-04-09,food_dining,2.28
1023,2014-04-11,misc_net,9.35
1022,2014-04-11,shopping_pos,282.76
1036,2014-04-18,gas_transport,63.02
1029,2014-04-13,shopping_net,7.66
1028,2014-04-13,grocery_net,47.99
1037,2014-04-18,kids_pets,30.74
1034,2014-04-16,misc_net,12.59
1035,2014-04-17,misc_net,36.79
605,2013-09-29,gas_transport,42.36
604,2013-09-28,entertainment,60.74
607,2013-10-02,grocery_net,46.87
606,2013-10-01,personal_care,7.5
601,2013-09-28,utilities,78.86
600,2013-09-28,grocery_pos,55.38
603,2013-09-28,gas_transport,46.95
602,2013-09-28,shopping_net,0.33
1205,2014-06-27,utilities,57.2
1204,2014-06-27,misc_pos,0.4
1207,2014-06-28,gas_transport,63.02
1206,2014-06-27,misc_net,68.24
609,2013-10-03,grocery_pos,58.86
1200,2014-06-26,kids_pets,45.21
1203,2014-06-27,food_dining,67.99
1202,2014-06-27,pharmacy,9.82
1211,2014-06-28,home,23.69
634,2013-10-19,utilities,56.85
635,2013-10-19,shopping_net,17.91
1214,2014-06-29,travel,22.39
1215,2014-06-29,personal_care,82.4
1111,2014-05-24,home,53.01
1110,2014-05-24,shopping_pos,88.8
1113,2014-05-24,shopping_pos,1.88
1112,2014-05-24,shopping_pos,14.69
1115,2014-05-24,shopping_net,22.22
1114,2014-05-24,gas_transport,49.98
1117,2014-05-24,shopping_net,18.25
464,2013-08-06,pharmacy,17.52
1119,2014-05-26,entertainment,33.28
1118,2014-05-25,grocery_pos,33.47
467,2013-08-07,utilities,65.87
1449,2014-10-17,food_dining,78.26
1448,2014-10-12,pharmacy,24.65
466,2013-08-07,food_dining,4.5
1357,2014-08-24,entertainment,78.28
460,2013-08-04,grocery_pos,82.97
1355,2014-08-23,pharmacy,19.03
489,2013-08-14,gas_transport,83.86
488,2013-08-13,kids_pets,17.65
487,2013-08-12,home,23.85
486,2013-08-12,shopping_net,0.56
485,2013-08-12,gas_transport,47.42
1354,2014-08-23,gas_transport,69.13
483,2013-08-11,misc_pos,2.01
482,2013-08-11,travel,0.86
481,2013-08-11,health_fitness,34.53
480,2013-08-11,misc_pos,18.09
199,2013-04-24,misc_pos,1.67
198,2013-04-24,travel,8.78
195,2013-04-21,entertainment,39.9
194,2013-04-21,gas_transport,69.27
197,2013-04-22,gas_transport,48.46
196,2013-04-21,grocery_net,61.41
191,2013-04-20,misc_pos,0.61
190,2013-04-20,gas_transport,34.5
193,2013-04-21,personal_care,9.14
192,2013-04-20,food_dining,0.45
2408,2015-11-24,health_fitness,16.5
2543,2015-12-26,food_dining,2.43
1454,2014-10-18,grocery_pos,41.88
2541,2015-12-26,pharmacy,23.88
2540,2015-12-26,grocery_net,41.87
2547,2015-12-26,gas_transport,70.33
2546,2015-12-26,grocery_net,29.16
2545,2015-12-26,personal_care,13.07
1455,2014-10-18,grocery_pos,62.79
2549,2015-12-27,gas_transport,80.87
2548,2015-12-27,pharmacy,9.62
1456,2014-10-19,gas_transport,55.93
2381,2015-11-07,gas_transport,38.54
2380,2015-11-07,shopping_pos,899.98
2383,2015-11-09,pharmacy,20.02
1457,2014-10-19,misc_net,60.04
2385,2015-11-11,gas_transport,44.49
2384,2015-11-10,shopping_net,119.04
2387,2015-11-13,misc_net,0.29
2386,2015-11-12,home,127.55
2389,2015-11-14,gas_transport,84.22
1450,2014-10-17,pharmacy,22.49
1451,2014-10-18,shopping_net,3.32
1452,2014-10-18,health_fitness,32.15
1453,2014-10-18,food_dining,149.37
1949,2015-05-23,entertainment,33.83
2007,2015-06-16,gas_transport,46.58
902,2014-02-08,home,146.14
903,2014-02-08,shopping_pos,8.24
900,2014-02-06,health_fitness,19.56
901,2014-02-07,misc_net,0.55
906,2014-02-08,personal_care,55.8
907,2014-02-09,gas_transport,55.18
904,2014-02-08,shopping_net,152.41
905,2014-02-08,misc_pos,27.19
1843,2015-04-05,personal_care,42.15
1511,2014-11-09,utilities,93.34
908,2014-02-09,shopping_pos,5.88
909,2014-02-13,travel,27.1
1847,2015-04-07,home,73.82
1846,2015-04-07,pharmacy,18.05
1845,2015-04-07,misc_pos,103.99
1844,2015-04-05,shopping_net,128.61
2169,2015-08-13,misc_pos,1.67
2168,2015-08-13,misc_net,0.72
2165,2015-08-11,pharmacy,18.13
2164,2015-08-10,grocery_pos,44.59
2167,2015-08-12,gas_transport,100.76
2166,2015-08-12,grocery_pos,49.84
2161,2015-08-09,misc_pos,137.07
2160,2015-08-09,kids_pets,103.89
2163,2015-08-10,entertainment,23.06
2162,2015-08-09,shopping_pos,0.55
1947,2015-05-23,home,10.06
1908,2015-05-03,grocery_pos,76.08
1909,2015-05-04,shopping_pos,1651.02
1906,2015-05-03,shopping_pos,52.82
1907,2015-05-03,misc_net,2.81
1904,2015-05-03,shopping_pos,8835.04
1905,2015-05-03,travel,3169.46
1902,2015-05-02,pharmacy,24.77
1903,2015-05-02,grocery_net,17.41
1900,2015-05-01,shopping_net,2.03
1901,2015-05-02,pharmacy,31.85
854,2014-01-11,home,8.99
855,2014-01-11,home,20.05
856,2014-01-11,kids_pets,31.44
857,2014-01-12,pharmacy,5.58
850,2014-01-11,grocery_net,59.23
851,2014-01-11,entertainment,8.6
852,2014-01-11,pharmacy,25.55
819,2013-12-28,utilities,87.6
858,2014-01-12,gas_transport,83.78
859,2014-01-12,entertainment,57.49
6,2013-01-04,shopping_net,1.72
2463,2015-12-12,food_dining,44.14
740,2013-12-06,food_dining,6.28
741,2013-12-06,entertainment,50.53
742,2013-12-06,personal_care,2.09
743,2013-12-06,shopping_net,28.15
744,2013-12-06,entertainment,50.16
745,2013-12-07,gas_transport,54.76
746,2013-12-07,health_fitness,177.7
747,2013-12-07,home,114.31
748,2013-12-07,kids_pets,197.34
749,2013-12-09,health_fitness,64.96
1798,2015-03-14,grocery_pos,80.37
1050,2014-04-23,food_dining,0.62
1051,2014-04-24,grocery_net,42.78
1052,2014-04-25,gas_transport,66.11
1053,2014-04-25,grocery_net,39.83
1054,2014-04-25,entertainment,4.49
1055,2014-04-26,travel,75.23
1056,2014-04-26,health_fitness,19.81
1057,2014-04-26,utilities,51.56
1058,2014-04-26,misc_pos,17.89
1059,2014-04-27,misc_pos,16.5
1696,2015-01-16,health_fitness,111.9
1697,2015-01-17,gas_transport,65.97
1694,2015-01-15,home,22.31
1695,2015-01-16,misc_net,6.4
1692,2015-01-11,utilities,96.55
1693,2015-01-12,shopping_pos,142.48
1690,2015-01-11,home,68.14
1691,2015-01-11,grocery_net,52.12
1791,2015-03-14,utilities,99.15
1698,2015-01-17,gas_transport,62.25
1699,2015-01-17,shopping_pos,0.4
1278,2014-07-25,gas_transport,35.68
1279,2014-07-25,gas_transport,75.19
618,2013-10-06,gas_transport,47.1
619,2013-10-06,health_fitness,40.54
612,2013-10-05,kids_pets,2.28
613,2013-10-05,entertainment,112.75
610,2013-10-05,misc_net,3.0
611,2013-10-05,gas_transport,66.02
616,2013-10-06,home,50.62
617,2013-10-06,grocery_pos,63.52
614,2013-10-05,shopping_pos,32.58
615,2013-10-06,shopping_net,21.11
1795,2015-03-14,kids_pets,51.04
1794,2015-03-14,health_fitness,47.71
1491,2014-11-01,kids_pets,24.32
2469,2015-12-12,shopping_pos,254.13
1472,2014-10-25,kids_pets,13.44
1473,2014-10-25,shopping_net,1063.6
1470,2014-10-25,gas_transport,55.39
1471,2014-10-25,misc_net,4.28
1476,2014-10-25,gas_transport,55.42
1477,2014-10-26,personal_care,116.96
1474,2014-10-25,home,27.74
1475,2014-10-25,entertainment,17.96
1478,2014-10-26,grocery_net,55.16
1479,2014-10-26,shopping_net,0.69
1304,2014-08-02,grocery_pos,39.17
1305,2014-08-03,entertainment,43.69
1306,2014-08-03,grocery_net,22.78
1307,2014-08-03,food_dining,79.48
1300,2014-08-02,health_fitness,39.53
1301,2014-08-02,food_dining,11.69
1302,2014-08-02,misc_net,6.13
1303,2014-08-02,misc_net,13.2
1497,2014-11-06,gas_transport,91.25
1308,2014-08-03,food_dining,7.68
1309,2014-08-03,misc_pos,107.48
498,2013-08-16,misc_net,8.87
499,2013-08-17,travel,0.37
494,2013-08-16,misc_pos,0.24
495,2013-08-16,grocery_pos,33.89
496,2013-08-16,pharmacy,5.33
497,2013-08-16,shopping_net,501.52
490,2013-08-14,home,40.04
491,2013-08-14,grocery_pos,41.02
492,2013-08-16,kids_pets,47.93
493,2013-08-16,entertainment,67.7
24,2013-01-18,grocery_pos,40.8
25,2013-01-19,kids_pets,9.3
26,2013-01-19,misc_net,5.01
27,2013-01-20,food_dining,0.79
20,2013-01-12,entertainment,85.56
21,2013-01-17,utilities,68.58
22,2013-01-17,personal_care,12.62
23,2013-01-18,health_fitness,25.44
28,2013-01-20,grocery_pos,54.58
29,2013-01-20,misc_pos,203.41
1703,2015-01-19,personal_care,34.51
1875,2015-04-19,kids_pets,56.93
1709,2015-01-25,shopping_pos,0.41
7,2013-01-04,grocery_net,50.02
1879,2015-04-21,shopping_pos,461.36
2288,2015-09-30,gas_transport,47.54
2289,2015-10-01,home,66.18
2050,2015-07-02,grocery_pos,20.07
2280,2015-09-26,utilities,68.28
2281,2015-09-27,utilities,61.33
2282,2015-09-27,kids_pets,18.87
2283,2015-09-27,gas_transport,67.67
2284,2015-09-27,kids_pets,1.53
2285,2015-09-27,home,42.21
2286,2015-09-28,shopping_pos,1.39
2287,2015-09-29,home,55.89
972,2014-03-16,entertainment,3.79
2056,2015-07-04,travel,37.53
2378,2015-11-07,grocery_net,10.48
2379,2015-11-07,shopping_pos,3.88
2374,2015-11-06,gas_transport,55.78
2375,2015-11-07,shopping_net,2.35
2376,2015-11-07,shopping_pos,9.03
2377,2015-11-07,kids_pets,14.38
2370,2015-11-05,misc_pos,0.42
2371,2015-11-06,misc_net,1.72
2372,2015-11-06,entertainment,205.41
2373,2015-11-06,kids_pets,75.49
1087,2014-05-14,gas_transport,28.86
1086,2014-05-13,travel,12.02
1085,2014-05-13,utilities,85.92
1876,2015-04-19,food_dining,72.42
1877,2015-04-20,grocery_pos,46.01
1874,2015-04-18,utilities,56.2
1084,2014-05-13,utilities,64.64
1872,2015-04-18,shopping_pos,311.89
1873,2015-04-18,shopping_net,9.41
1870,2015-04-18,health_fitness,183.7
1871,2015-04-18,kids_pets,2.97
1083,2014-05-12,shopping_pos,35.49
1878,2015-04-21,utilities,83.03
1082,2014-05-11,misc_pos,19.92
977,2014-03-18,personal_care,0.25
976,2014-03-18,entertainment,137.24
975,2014-03-17,kids_pets,22.92
974,2014-03-17,gas_transport,50.43
973,2014-03-17,home,78.53
1081,2014-05-11,misc_pos,8.46
971,2014-03-16,home,61.02
970,2014-03-15,personal_care,0.37
1080,2014-05-10,health_fitness,93.17
979,2014-03-19,shopping_net,154.33
978,2014-03-18,gas_transport,64.63
182,2013-04-18,misc_net,0.66
183,2013-04-19,shopping_pos,0.51
180,2013-04-15,grocery_pos,65.0
181,2013-04-18,pharmacy,16.9
186,2013-04-19,personal_care,6.14
187,2013-04-19,misc_net,205.76
184,2013-04-19,utilities,79.84
185,2013-04-19,pharmacy,35.96
2110,2015-07-24,misc_pos,105.41
2111,2015-07-25,pharmacy,18.89
188,2013-04-19,misc_pos,28.8
189,2013-04-19,pharmacy,75.86
2114,2015-07-25,grocery_pos,48.75
2115,2015-07-25,home,22.92
2116,2015-07-26,personal_care,12.64
1559,2014-12-03,grocery_net,30.69
1919,2015-05-09,pharmacy,7.11
1918,2015-05-09,shopping_net,211.99
1464,2014-10-22,misc_net,163.94
1911,2015-05-05,travel,0.67
1910,2015-05-04,utilities,90.15
1913,2015-05-07,grocery_net,63.71
1912,2015-05-05,shopping_pos,41.31
1915,2015-05-08,entertainment,58.19
1914,2015-05-08,shopping_pos,2.9
1917,2015-05-09,gas_transport,46.48
1916,2015-05-08,shopping_net,25.61
869,2014-01-19,health_fitness,56.85
868,2014-01-19,utilities,97.0
2113,2015-07-25,grocery_pos,42.56
861,2014-01-13,food_dining,1.97
860,2014-01-12,entertainment,107.56
863,2014-01-16,entertainment,387.23
862,2014-01-16,food_dining,22.35
865,2014-01-17,pharmacy,78.61
864,2014-01-16,grocery_pos,41.71
867,2014-01-19,food_dining,238.45
866,2014-01-18,pharmacy,17.51
2024,2015-06-21,shopping_net,0.97
2025,2015-06-21,travel,5.39
2026,2015-06-21,travel,7.45
2027,2015-06-21,shopping_net,17.73
2020,2015-06-20,shopping_pos,4.03
2021,2015-06-20,misc_net,1.6
2022,2015-06-20,shopping_net,166.15
2023,2015-06-21,misc_net,168.63
2117,2015-07-26,travel,3.69
2028,2015-06-21,shopping_pos,5.68
2029,2015-06-23,gas_transport,61.35
883,2014-01-26,personal_care,0.22
882,2014-01-25,home,1.79
881,2014-01-24,travel,0.42
880,2014-01-24,entertainment,36.88
887,2014-01-28,grocery_net,56.15
886,2014-01-28,grocery_pos,79.21
885,2014-01-27,shopping_pos,2650.2
884,2014-01-26,grocery_pos,67.03
889,2014-01-31,shopping_net,3.88
888,2014-01-29,health_fitness,120.29
775,2013-12-15,shopping_net,16.29
774,2013-12-15,home,5.97
777,2013-12-15,shopping_pos,0.72
776,2013-12-15,grocery_pos,70.35
771,2013-12-14,gas_transport,64.05
770,2013-12-14,gas_transport,42.79
773,2013-12-15,pharmacy,29.2
772,2013-12-14,gas_transport,76.67
779,2013-12-15,food_dining,1.29
778,2013-12-15,misc_pos,285.87
77,2013-03-01,gas_transport,45.28
76,2013-02-28,travel,82.27
75,2013-02-28,shopping_pos,14.56
74,2013-02-26,pharmacy,31.37
73,2013-02-26,misc_net,2.41
72,2013-02-25,shopping_pos,65.28
71,2013-02-24,gas_transport,70.83
70,2013-02-24,gas_transport,65.58
79,2013-03-02,grocery_pos,61.46
78,2013-03-01,home,224.42
1043,2014-04-19,misc_net,1.38
1042,2014-04-19,grocery_pos,30.84
1041,2014-04-19,utilities,60.04
1040,2014-04-19,grocery_pos,38.3
1047,2014-04-20,misc_net,2.65
1046,2014-04-20,pharmacy,29.67
1045,2014-04-19,gas_transport,48.99
1044,2014-04-19,home,93.88
1049,2014-04-21,utilities,125.99
1048,2014-04-20,gas_transport,58.41
1681,2015-01-07,kids_pets,13.91
1680,2015-01-07,travel,16.76
1683,2015-01-08,kids_pets,20.86
1682,2015-01-08,gas_transport,72.44
1685,2015-01-09,home,17.39
1684,2015-01-09,pharmacy,21.26
1687,2015-01-09,home,66.71
1686,2015-01-09,entertainment,105.78
1689,2015-01-10,personal_care,19.58
1688,2015-01-09,food_dining,1.57
1269,2014-07-21,gas_transport,55.48
1268,2014-07-20,home,6.31
669,2013-11-04,travel,5717.64
668,2013-11-03,food_dining,22.44
667,2013-11-03,misc_pos,19.3
1262,2014-07-19,personal_care,199.75
665,2013-11-02,grocery_pos,68.77
664,2013-11-02,shopping_net,0.28
1267,2014-07-20,home,25.71
1266,2014-07-19,personal_care,141.12
1265,2014-07-19,home,6.43
1264,2014-07-19,pharmacy,15.73
1469,2014-10-25,entertainment,33.38
1468,2014-10-24,entertainment,13.16
1465,2014-10-23,food_dining,71.01
1018,2014-04-09,health_fitness,45.28
1467,2014-10-24,home,8.38
1466,2014-10-24,grocery_pos,42.02
1461,2014-10-21,utilities,43.32
1460,2014-10-20,kids_pets,34.22
1463,2014-10-22,gas_transport,49.66
1019,2014-04-09,shopping_net,1890.55
1317,2014-08-09,food_dining,88.89
1316,2014-08-09,grocery_pos,45.55
1315,2014-08-09,shopping_pos,0.45
1314,2014-08-06,utilities,71.91
1313,2014-08-06,personal_care,11.18
1312,2014-08-05,gas_transport,54.5
1311,2014-08-05,grocery_pos,42.36
1310,2014-08-04,travel,4.01
1319,2014-08-10,home,44.22
1318,2014-08-10,shopping_pos,0.53
2460,2015-12-12,kids_pets,117.43
1010,2014-04-05,grocery_pos,52.11
1011,2014-04-06,pharmacy,11.5
319,2013-06-14,personal_care,143.12
318,2013-06-14,food_dining,58.14
313,2013-06-12,shopping_net,1.53
312,2013-06-12,shopping_pos,0.7
311,2013-06-12,food_dining,1.39
310,2013-06-11,gas_transport,40.27
317,2013-06-14,utilities,106.33
316,2013-06-14,misc_pos,29.92
315,2013-06-14,health_fitness,4.78
314,2013-06-14,travel,37.95
1335,2014-08-17,kids_pets,10.24
1334,2014-08-16,shopping_pos,1.38
1337,2014-08-17,misc_pos,79.39
1336,2014-08-17,misc_net,272.01
2322,2015-10-16,gas_transport,59.84
1331,2014-08-16,pharmacy,23.3
1330,2014-08-16,health_fitness,87.51
1333,2014-08-16,gas_transport,36.87
1332,2014-08-16,home,28.35
2324,2015-10-17,health_fitness,25.08
630,2013-10-13,health_fitness,135.18
2461,2015-12-12,personal_care,3.21
2299,2015-10-06,food_dining,46.83
2298,2015-10-04,shopping_pos,143.15
2293,2015-10-02,utilities,67.72
2292,2015-10-02,kids_pets,23.61
2291,2015-10-02,misc_net,15.73
2290,2015-10-01,grocery_pos,62.89
2297,2015-10-03,entertainment,30.08
2296,2015-10-03,entertainment,107.79
631,2013-10-13,shopping_pos,44.63
2294,2015-10-03,shopping_pos,1020.36
2568,2015-12-31,kids_pets,43.39
2561,2015-12-30,home,8.43
2560,2015-12-30,food_dining,25.35
2563,2015-12-31,travel,1.2
2562,2015-12-30,shopping_pos,132.34
2565,2015-12-31,food_dining,14.97
2564,2015-12-31,kids_pets,29.82
2567,2015-12-31,gas_transport,44.57
2566,2015-12-31,misc_net,178.9
1521,2014-11-16,kids_pets,89.95
2369,2015-11-05,gas_transport,45.46
2368,2015-11-01,misc_pos,3.82
2367,2015-11-01,kids_pets,59.15
2366,2015-11-01,grocery_pos,37.15
2365,2015-10-31,shopping_pos,20.58
2364,2015-10-31,grocery_net,67.58
2363,2015-10-30,misc_pos,3.42
2362,2015-10-30,food_dining,0.93
2361,2015-10-30,pharmacy,8.08
2360,2015-10-30,shopping_pos,0.38
1861,2015-04-13,misc_net,213.32
1860,2015-04-12,shopping_net,2307.9
1863,2015-04-14,grocery_pos,74.88
1862,2015-04-14,gas_transport,67.99
1865,2015-04-17,shopping_net,2463.31
1864,2015-04-15,shopping_net,689.21
1867,2015-04-18,pharmacy,29.42
1866,2015-04-17,home,69.68
1869,2015-04-18,food_dining,0.6
1868,2015-04-18,pharmacy,34.49
964,2014-03-15,health_fitness,198.5
965,2014-03-15,gas_transport,55.45
966,2014-03-15,personal_care,57.66
967,2014-03-15,travel,0.27
960,2014-03-12,food_dining,337.77
961,2014-03-13,utilities,72.76
962,2014-03-13,shopping_net,9.5
963,2014-03-15,travel,70.21
968,2014-03-15,utilities,86.99
969,2014-03-15,travel,35.07
2109,2015-07-24,food_dining,9.51
2108,2015-07-24,shopping_pos,29.62
2103,2015-07-24,misc_net,30.14
2102,2015-07-23,pharmacy,12.07
2101,2015-07-22,food_dining,91.27
2100,2015-07-22,home,3.74
2107,2015-07-24,personal_care,1.46
2106,2015-07-24,health_fitness,142.82
2105,2015-07-24,grocery_pos,51.37
2104,2015-07-24,travel,1235.29
1560,2014-12-03,personal_care,7.0
1241,2014-07-12,utilities,66.43
878,2014-01-24,travel,1498.68
1240,2014-07-11,food_dining,10.62
876,2014-01-24,pharmacy,47.93
877,2014-01-24,pharmacy,60.26
874,2014-01-23,shopping_pos,5.6
875,2014-01-23,grocery_pos,41.54
872,2014-01-23,shopping_net,56.72
1243,2014-07-12,food_dining,19.06
870,2014-01-20,gas_transport,50.51
871,2014-01-22,utilities,117.63
2037,2015-06-27,food_dining,3.53
2036,2015-06-27,food_dining,0.92
2035,2015-06-27,misc_net,112.36
1242,2014-07-12,grocery_pos,58.56
2033,2015-06-26,shopping_pos,567.85
2032,2015-06-25,kids_pets,25.92
2031,2015-06-24,misc_pos,0.42
2030,2015-06-23,utilities,56.37
9,2013-01-06,gas_transport,57.21
1245,2014-07-12,grocery_pos,51.98
2039,2015-06-27,food_dining,39.73
1244,2014-07-12,food_dining,0.38
890,2014-01-31,shopping_pos,618.34
891,2014-01-31,kids_pets,62.83
892,2014-02-01,misc_net,18.57
893,2014-02-01,entertainment,1.53
894,2014-02-01,gas_transport,61.27
1247,2014-07-13,misc_pos,0.43
896,2014-02-02,shopping_pos,18.19
897,2014-02-05,shopping_net,170.99
898,2014-02-06,entertainment,47.96
899,2014-02-06,kids_pets,52.82
646,2013-10-23,grocery_pos,42.55
1249,2014-07-13,entertainment,9.58
648,2013-10-25,misc_net,1583.82
1537,2014-11-25,pharmacy,14.51
1964,2015-05-28,health_fitness,104.1
1965,2015-05-28,grocery_pos,77.09
1966,2015-05-29,utilities,57.83
1788,2015-03-13,pharmacy,9.74
1789,2015-03-13,travel,24.48
768,2013-12-14,pharmacy,80.77
769,2013-12-14,shopping_net,248.77
762,2013-12-13,home,14.53
763,2013-12-14,gas_transport,60.52
760,2013-12-13,travel,711.31
761,2013-12-13,pharmacy,6.19
766,2013-12-14,entertainment,40.97
767,2013-12-14,misc_pos,2.23
764,2013-12-14,kids_pets,48.6
765,2013-12-14,pharmacy,15.04
1962,2015-05-28,food_dining,12.88
1963,2015-05-28,food_dining,226.54
1078,2014-05-10,misc_net,450.68
1079,2014-05-10,entertainment,20.09
1076,2014-05-07,shopping_pos,107.63
1077,2014-05-09,kids_pets,14.65
1074,2014-05-05,shopping_pos,0.4
1075,2014-05-06,entertainment,153.65
1072,2014-05-04,entertainment,54.11
1073,2014-05-04,home,69.65
1070,2014-05-02,utilities,75.4
1071,2014-05-03,personal_care,23.97
1678,2015-01-04,misc_pos,7.96
1561,2014-12-04,kids_pets,134.28
1674,2015-01-02,shopping_net,37.87
1675,2015-01-03,utilities,48.24
1676,2015-01-03,shopping_pos,1102.38
1677,2015-01-04,kids_pets,97.23
1670,2014-12-31,shopping_pos,16.2
1671,2015-01-01,shopping_net,184.65
1672,2015-01-01,kids_pets,1.82
1673,2015-01-02,kids_pets,61.06
1094,2014-05-16,gas_transport,34.28
1095,2014-05-16,health_fitness,86.29
1096,2014-05-16,shopping_pos,226.58
1097,2014-05-17,entertainment,22.81
1090,2014-05-14,health_fitness,20.69
1091,2014-05-15,shopping_pos,1.1
1092,2014-05-16,kids_pets,14.03
1093,2014-05-16,misc_net,1.79
674,2013-11-08,food_dining,0.3
675,2013-11-09,health_fitness,37.81
676,2013-11-09,shopping_pos,1.01
677,2013-11-09,gas_transport,45.79
1098,2014-05-17,gas_transport,72.09
1099,2014-05-17,entertainment,46.17
672,2013-11-08,personal_care,0.33
673,2013-11-08,entertainment,38.9
1997,2015-06-12,gas_transport,36.96
1533,2014-11-23,gas_transport,82.1
1418,2014-09-26,grocery_pos,22.71
1419,2014-09-27,health_fitness,43.19
2490,2015-12-18,gas_transport,48.82
1410,2014-09-21,health_fitness,17.27
1411,2014-09-21,food_dining,74.31
1412,2014-09-21,pharmacy,16.8
1413,2014-09-22,home,6.93
1414,2014-09-24,kids_pets,28.78
1415,2014-09-26,misc_net,15.05
1416,2014-09-26,grocery_pos,21.23
1417,2014-09-26,health_fitness,49.19
1322,2014-08-12,utilities,48.68
1323,2014-08-12,health_fitness,21.15
1320,2014-08-11,entertainment,23.31
1321,2014-08-12,misc_pos,20.9
1326,2014-08-14,shopping_net,1.17
1327,2014-08-15,grocery_pos,44.67
1324,2014-08-14,entertainment,1.23
1325,2014-08-14,utilities,54.36
1328,2014-08-15,home,30.38
1329,2014-08-15,entertainment,17.15
2494,2015-12-18,grocery_pos,44.82
5,2013-01-04,shopping_pos,0.42
1531,2014-11-22,gas_transport,33.92
1256,2014-07-17,misc_net,44.66
1257,2014-07-18,gas_transport,84.34
1254,2014-07-17,misc_net,1.56
1255,2014-07-17,shopping_pos,8.64
1252,2014-07-15,misc_pos,2.19
1253,2014-07-16,utilities,62.46
1250,2014-07-13,gas_transport,91.26
1251,2014-07-14,personal_care,11.82
1528,2014-11-21,utilities,77.58
1529,2014-11-22,kids_pets,61.31
1258,2014-07-18,gas_transport,64.34
1259,2014-07-18,pharmacy,11.48
308,2013-06-09,travel,3.94
309,2013-06-11,misc_net,28.89
300,2013-06-08,personal_care,3.69
301,2013-06-08,travel,3294.13
302,2013-06-09,shopping_net,9.13
303,2013-06-09,grocery_net,68.59
304,2013-06-09,home,60.87
305,2013-06-09,gas_transport,63.43
306,2013-06-09,home,46.88
307,2013-06-09,health_fitness,5.32
1792,2015-03-14,home,42.84
2254,2015-09-16,home,203.85
2475,2015-12-13,pharmacy,8.23
2474,2015-12-13,utilities,98.73
2479,2015-12-14,kids_pets,9.95
2478,2015-12-13,shopping_net,23.25
470,2013-08-08,misc_pos,15.13
2358,2015-10-30,utilities,83.31
2359,2015-10-30,gas_transport,57.46
2352,2015-10-25,shopping_net,2.42
2353,2015-10-25,food_dining,30.69
2350,2015-10-25,food_dining,42.13
2351,2015-10-25,shopping_net,15.26
2356,2015-10-27,grocery_pos,31.61
2357,2015-10-30,grocery_pos,56.59
2354,2015-10-26,home,64.61
471,2013-08-09,personal_care,6.36
1898,2015-05-01,utilities,88.38
1899,2015-05-01,entertainment,233.26
1894,2015-04-26,pharmacy,13.79
1895,2015-04-26,misc_net,7.31
1896,2015-04-28,health_fitness,171.87
1443,2014-10-10,home,70.47
1890,2015-04-25,shopping_net,0.66
476,2013-08-10,gas_transport,72.55
1892,2015-04-25,travel,2.17
1893,2015-04-26,pharmacy,14.67
959,2014-03-11,misc_net,24.34
958,2014-03-08,entertainment,0.95
2134,2015-08-01,travel,380.8
2135,2015-08-01,misc_net,2.94
2132,2015-08-01,utilities,45.7
2133,2015-08-01,pharmacy,72.81
2130,2015-07-31,kids_pets,11.48
2131,2015-08-01,kids_pets,100.83
951,2014-03-06,shopping_net,2.66
950,2014-03-05,grocery_pos,49.26
953,2014-03-06,grocery_net,28.08
952,2014-03-06,grocery_net,38.66
955,2014-03-08,gas_transport,60.78
954,2014-03-07,utilities,71.89
957,2014-03-08,home,19.85
956,2014-03-08,shopping_net,2169.62
1442,2014-10-10,pharmacy,28.96
477,2013-08-10,entertainment,1.96
2002,2015-06-13,shopping_net,10.28
2003,2015-06-13,food_dining,2.15
2000,2015-06-13,health_fitness,62.22
2001,2015-06-13,kids_pets,136.93
2006,2015-06-15,shopping_net,153.87
1440,2014-10-08,kids_pets,2.99
2004,2015-06-14,misc_pos,184.36
2005,2015-06-14,travel,1.01
2008,2015-06-16,food_dining,32.62
2009,2015-06-17,travel,179.03
2034,2015-06-26,misc_pos,639.83
1790,2015-03-14,gas_transport,72.96
1263,2014-07-19,utilities,44.03
666,2013-11-02,misc_pos,0.24
2176,2015-08-16,personal_care,1.44
1261,2014-07-19,kids_pets,6.69
2177,2015-08-16,health_fitness,18.71
1799,2015-03-15,gas_transport,47.08
1260,2014-07-19,misc_net,0.57
719,2013-11-29,kids_pets,63.53
718,2013-11-28,food_dining,3.58
717,2013-11-28,shopping_net,79.39
716,2013-11-26,grocery_net,42.58
715,2013-11-25,shopping_net,34.05
714,2013-11-24,grocery_pos,45.35
713,2013-11-24,pharmacy,61.51
712,2013-11-24,grocery_pos,42.12
711,2013-11-24,food_dining,21.83
710,2013-11-23,shopping_net,526.3
661,2013-11-01,kids_pets,13.07
660,2013-10-30,home,40.37
2178,2015-08-16,entertainment,23.95
1069,2014-05-02,shopping_pos,0.2
1068,2014-05-02,misc_pos,79.45
2179,2015-08-18,shopping_pos,149.88
1061,2014-04-28,entertainment,28.97
1060,2014-04-27,entertainment,2.0
1063,2014-04-30,misc_pos,0.56
1062,2014-04-29,food_dining,13.07
1065,2014-05-01,misc_net,130.28
1064,2014-05-01,personal_care,3.72
1067,2014-05-02,shopping_pos,2.02
1066,2014-05-01,health_fitness,105.32
1669,2014-12-31,personal_care,2.07
1668,2014-12-30,home,3.84
1667,2014-12-29,home,77.83
1666,2014-12-28,shopping_net,2.67
1665,2014-12-28,misc_net,178.37
1664,2014-12-28,gas_transport,49.39
1663,2014-12-27,entertainment,40.04
1662,2014-12-27,pharmacy,32.28
1661,2014-12-27,gas_transport,72.38
1660,2014-12-27,shopping_net,116.69
591,2013-09-22,personal_care,1.18
590,2013-09-21,grocery_pos,29.9
593,2013-09-25,gas_transport,99.01
592,2013-09-22,personal_care,15.45
595,2013-09-27,personal_care,1.62
594,2013-09-25,food_dining,133.49
597,2013-09-28,personal_care,31.75
596,2013-09-28,gas_transport,44.57
599,2013-09-28,misc_net,334.29
598,2013-09-28,misc_net,0.23
1089,2014-05-14,misc_pos,7.03
1088,2014-05-14,utilities,58.43
1409,2014-09-21,health_fitness,35.23
1408,2014-09-20,personal_care,96.97
1403,2014-09-14,health_fitness,26.34
1402,2014-09-13,shopping_pos,584.95
1401,2014-09-13,misc_pos,0.24
1400,2014-09-13,misc_pos,0.58
1407,2014-09-19,food_dining,41.45
1406,2014-09-18,misc_net,322.43
1405,2014-09-18,food_dining,71.95
1404,2014-09-14,shopping_net,2.33
1546,2014-11-29,shopping_net,10.58
449,2013-07-31,pharmacy,21.12
448,2013-07-31,kids_pets,134.58
1339,2014-08-18,personal_care,12.47
1338,2014-08-17,kids_pets,9.33
1547,2014-11-29,shopping_net,2.33
443,2013-07-28,grocery_net,25.23
442,2013-07-28,misc_pos,297.78
441,2013-07-28,gas_transport,62.37
440,2013-07-28,shopping_pos,4.63
447,2013-07-31,grocery_pos,27.57
446,2013-07-31,grocery_pos,30.74
445,2013-07-29,gas_transport,43.8
444,2013-07-28,misc_net,49.38
1520,2014-11-15,travel,3419.45
1542,2014-11-28,shopping_pos,189.34
1543,2014-11-28,misc_net,1207.31
39,2013-02-01,kids_pets,34.61
38,2013-01-31,utilities,52.79
1540,2014-11-27,shopping_pos,160.09
33,2013-01-26,shopping_net,0.75
32,2013-01-25,gas_transport,59.16
31,2013-01-24,shopping_net,60.98
30,2013-01-21,grocery_pos,43.03
37,2013-01-31,food_dining,31.06
36,2013-01-30,pharmacy,28.75
35,2013-01-27,shopping_pos,0.33
34,2013-01-27,home,173.88
641,2013-10-22,home,25.03
640,2013-10-20,food_dining,0.25
643,2013-10-23,shopping_pos,4.66
642,2013-10-22,travel,3.81
645,2013-10-23,personal_care,44.29
644,2013-10-23,personal_care,41.54
647,2013-10-25,gas_transport,78.64
1246,2014-07-13,misc_pos,95.79
649,2013-10-25,shopping_net,130.53
1248,2014-07-13,shopping_net,1.28
2496,2015-12-18,personal_care,37.56
1539,2014-11-26,misc_pos,1.08
1538,2014-11-25,health_fitness,48.12
339,2013-06-21,shopping_pos,1.13
338,2013-06-21,pharmacy,11.24
335,2013-06-19,misc_pos,33.84
334,2013-06-18,gas_transport,76.82
337,2013-06-20,pharmacy,31.99
336,2013-06-20,personal_care,0.31
331,2013-06-17,gas_transport,41.12
330,2013-06-16,health_fitness,10.34
333,2013-06-18,home,1.04
332,2013-06-17,utilities,79.25
1026,2014-04-12,grocery_pos,29.87
2118,2015-07-26,kids_pets,96.44
8,2013-01-05,grocery_net,39.33
2119,2015-07-27,gas_transport,52.09
1462,2014-10-22,misc_pos,0.3
1991,2015-06-09,utilities,37.16
2345,2015-10-23,misc_pos,24.58
2344,2015-10-23,misc_pos,52.12
2347,2015-10-24,health_fitness,95.79
2346,2015-10-23,gas_transport,44.03
2341,2015-10-21,home,19.77
2340,2015-10-21,food_dining,17.28
2343,2015-10-22,food_dining,9.93
2342,2015-10-22,gas_transport,48.14
2349,2015-10-24,shopping_net,1.21
2348,2015-10-24,food_dining,9.77
1889,2015-04-25,misc_pos,52.27
1888,2015-04-25,personal_care,4.05
1887,2015-04-25,health_fitness,50.79
1886,2015-04-25,shopping_net,0.54
1885,2015-04-24,food_dining,8.2
1884,2015-04-24,entertainment,41.54
1883,2015-04-24,kids_pets,19.51
1882,2015-04-22,grocery_net,12.02
1881,2015-04-22,personal_care,22.62
1880,2015-04-22,health_fitness,2.45
2121,2015-07-29,gas_transport,70.55
2120,2015-07-28,misc_net,106.98
2123,2015-07-29,food_dining,19.97
2122,2015-07-29,misc_net,2.65
2125,2015-07-30,misc_net,124.29
2124,2015-07-29,kids_pets,26.28
948,2014-03-04,entertainment,119.41
949,2014-03-04,gas_transport,67.32
946,2014-03-02,gas_transport,61.33
947,2014-03-03,travel,11.87
944,2014-03-02,gas_transport,45.0
945,2014-03-02,utilities,89.29
942,2014-03-02,utilities,48.88
943,2014-03-02,utilities,88.75
940,2014-03-01,grocery_net,26.48
941,2014-03-01,shopping_pos,1.46
2410,2015-11-25,grocery_pos,49.54
133,2013-03-22,gas_transport,38.59
132,2013-03-22,utilities,43.32
131,2013-03-21,shopping_pos,43.8
130,2013-03-20,home,4.16
137,2013-03-24,gas_transport,55.59
136,2013-03-23,personal_care,121.16
135,2013-03-23,grocery_net,40.17
134,2013-03-23,travel,80.99
139,2013-03-24,shopping_pos,52.1
138,2013-03-24,home,33.51
2019,2015-06-20,gas_transport,75.65
2018,2015-06-19,food_dining,8.05
2015,2015-06-19,gas_transport,69.0
2014,2015-06-19,home,98.7
2017,2015-06-19,gas_transport,72.03
2016,2015-06-19,food_dining,11.79
2011,2015-06-18,grocery_pos,56.98
2010,2015-06-17,personal_care,10.69
2013,2015-06-19,grocery_pos,125.84
2012,2015-06-19,health_fitness,50.34
1793,2015-03-14,shopping_pos,17.35
2112,2015-07-25,travel,28.3
708,2013-11-23,gas_transport,55.74
709,2013-11-23,misc_net,203.36
704,2013-11-22,food_dining,29.42
705,2013-11-22,health_fitness,28.27
706,2013-11-22,shopping_net,585.54
707,2013-11-22,gas_transport,50.64
700,2013-11-18,health_fitness,0.23
701,2013-11-19,gas_transport,57.85
702,2013-11-22,misc_net,2.41
703,2013-11-22,gas_transport,43.5
88,2013-03-04,grocery_pos,41.57
89,2013-03-05,grocery_pos,49.54
82,2013-03-03,misc_pos,1.75
83,2013-03-03,misc_net,10.28
80,2013-03-02,entertainment,18.32
81,2013-03-02,health_fitness,5.25
86,2013-03-04,entertainment,26.06
87,2013-03-04,shopping_pos,1.19
84,2013-03-03,misc_pos,2.94
85,2013-03-03,gas_transport,47.87
1658,2014-12-27,food_dining,109.7
1659,2014-12-27,home,47.25
1652,2014-12-27,pharmacy,20.7
1388,2014-09-07,utilities,95.85
1650,2014-12-26,pharmacy,14.24
1651,2014-12-26,grocery_pos,53.36
1656,2014-12-27,home,10.48
1657,2014-12-27,shopping_pos,557.77
1654,2014-12-27,food_dining,2.44
1389,2014-09-07,home,203.4
586,2013-09-21,shopping_pos,35.36
587,2013-09-21,home,23.21
584,2013-09-20,entertainment,33.85
585,2013-09-21,grocery_pos,30.17
582,2013-09-19,kids_pets,110.51
583,2013-09-19,personal_care,33.45
580,2013-09-18,shopping_pos,2.39
581,2013-09-19,grocery_pos,43.55
1984,2015-06-05,pharmacy,11.16
588,2013-09-21,grocery_pos,55.59
589,2013-09-21,health_fitness,30.51
1633,2014-12-21,grocery_pos,41.92
1982,2015-06-05,shopping_pos,0.47
1983,2015-06-05,gas_transport,65.41
1436,2014-10-05,misc_pos,217.07
1437,2014-10-05,personal_care,5.61
1434,2014-10-04,misc_net,3.21
1435,2014-10-05,utilities,44.73
1432,2014-10-03,shopping_net,0.47
1433,2014-10-04,personal_care,42.71
1430,2014-10-03,utilities,87.24
1431,2014-10-03,shopping_pos,1.71
1380,2014-09-02,shopping_net,43.94
1981,2015-06-05,home,78.46
1438,2014-10-05,food_dining,32.0
1381,2014-09-05,misc_net,0.64
1349,2014-08-22,misc_net,7.07
1541,2014-11-27,kids_pets,26.78
1348,2014-08-22,misc_pos,2.24
459,2013-08-04,utilities,43.02
450,2013-08-01,entertainment,56.01
451,2013-08-01,shopping_pos,39.25
452,2013-08-01,shopping_pos,9.93
1343,2014-08-21,gas_transport,70.12
1344,2014-08-21,entertainment,6.31
1345,2014-08-22,pharmacy,10.7
456,2013-08-03,gas_transport,95.88
457,2013-08-03,home,27.22
656,2013-10-27,home,29.35
657,2013-10-28,pharmacy,40.02
654,2013-10-26,food_dining,3.21
655,2013-10-26,health_fitness,8.63
652,2013-10-26,gas_transport,62.82
653,2013-10-26,misc_pos,235.56
650,2013-10-25,utilities,73.23
651,2013-10-25,utilities,68.02
1508,2014-11-08,entertainment,0.99
1509,2014-11-08,entertainment,6.51
658,2013-10-29,kids_pets,86.38
516,2013-08-25,gas_transport,41.91
1992,2015-06-10,entertainment,15.11
2127,2015-07-31,shopping_pos,14.14
2126,2015-07-31,misc_pos,9.83
2129,2015-07-31,shopping_net,21.38
2128,2015-07-31,food_dining,21.66
1376,2014-09-01,health_fitness,28.49
322,2013-06-15,pharmacy,59.78
323,2013-06-15,misc_net,44.87
320,2013-06-14,travel,4.7
321,2013-06-15,shopping_net,146.61
326,2013-06-16,personal_care,9.06
327,2013-06-16,kids_pets,10.95
324,2013-06-15,gas_transport,44.95
325,2013-06-15,personal_care,2.52
328,2013-06-16,shopping_net,91.73
329,2013-06-16,personal_care,0.78
1340,2014-08-18,shopping_net,25.1
2330,2015-10-18,shopping_net,1.62
2331,2015-10-18,kids_pets,178.91
2332,2015-10-18,health_fitness,20.8
2333,2015-10-19,misc_net,6.78
2334,2015-10-20,health_fitness,10.66
2335,2015-10-20,grocery_pos,35.49
2336,2015-10-20,food_dining,73.1
1594,2014-12-12,home,196.42
2338,2015-10-21,shopping_pos,2.17
2339,2015-10-21,entertainment,38.48
1341,2014-08-19,shopping_net,11.19
1995,2015-06-10,pharmacy,27.25
1592,2014-12-12,misc_pos,5.55
2488,2015-12-17,misc_pos,80.2
2489,2015-12-18,misc_pos,1.47
2486,2015-12-17,shopping_pos,17.39
2487,2015-12-17,shopping_net,81.97
2484,2015-12-16,entertainment,115.82
2485,2015-12-16,health_fitness,33.97
2482,2015-12-14,utilities,80.56
2483,2015-12-15,shopping_net,9.38
2480,2015-12-14,personal_care,30.57
1598,2014-12-13,shopping_net,194.54
2248,2015-09-12,shopping_net,158.13
2249,2015-09-12,personal_care,3.37
2244,2015-09-12,personal_care,17.74
2245,2015-09-12,misc_pos,0.37
2246,2015-09-12,pharmacy,55.76
2247,2015-09-12,shopping_net,79.79
2240,2015-09-10,food_dining,3.87
2241,2015-09-10,gas_transport,71.68
2242,2015-09-11,pharmacy,42.81
2243,2015-09-11,misc_pos,0.2
995,2014-03-27,home,31.74
994,2014-03-27,shopping_net,0.51
997,2014-03-28,grocery_pos,45.29
996,2014-03-27,shopping_pos,4.1
991,2014-03-25,shopping_pos,123.04
990,2014-03-24,grocery_pos,37.19
993,2014-03-26,grocery_net,44.71
992,2014-03-25,grocery_net,43.88
999,2014-03-29,personal_care,32.08
998,2014-03-28,travel,6736.4
120,2013-03-16,misc_pos,7.59
121,2013-03-16,grocery_pos,61.86
122,2013-03-16,personal_care,0.36
123,2013-03-16,personal_care,3.29
124,2013-03-17,kids_pets,86.43
125,2013-03-17,kids_pets,58.76
126,2013-03-17,kids_pets,53.75
127,2013-03-17,shopping_net,0.21
128,2013-03-18,utilities,82.79
129,2013-03-19,home,10.69
2068,2015-07-05,travel,47.76
2069,2015-07-07,personal_care,0.84
2060,2015-07-04,gas_transport,66.98
2061,2015-07-04,kids_pets,1.03
2062,2015-07-05,entertainment,12.46
2063,2015-07-05,shopping_pos,148.3
2064,2015-07-05,shopping_pos,8.86
2065,2015-07-05,utilities,52.58
2066,2015-07-05,home,17.68
2067,2015-07-05,health_fitness,4.92
1748,2015-02-20,gas_transport,58.03
1749,2015-02-20,health_fitness,11.63
1645,2014-12-25,utilities,58.53
1644,2014-12-25,food_dining,26.71
1647,2014-12-26,grocery_pos,37.89
1646,2014-12-25,travel,8.47
1641,2014-12-24,gas_transport,57.73
1640,2014-12-24,health_fitness,4.3
1643,2014-12-25,home,25.91
1642,2014-12-24,grocery_pos,30.62
1649,2014-12-26,health_fitness,14.04
1648,2014-12-26,kids_pets,68.42
1742,2015-02-15,entertainment,79.62
1743,2015-02-15,gas_transport,21.75
579,2013-09-18,shopping_net,42.41
578,2013-09-16,grocery_pos,71.53
573,2013-09-15,shopping_pos,31.32
572,2013-09-15,pharmacy,40.03
571,2013-09-14,gas_transport,74.06
570,2013-09-14,grocery_pos,59.23
577,2013-09-15,kids_pets,8.35
576,2013-09-15,food_dining,115.29
575,2013-09-15,utilities,29.26
574,2013-09-15,gas_transport,62.65
1209,2014-06-28,grocery_pos,24.08
1208,2014-06-28,pharmacy,15.92
1421,2014-09-27,gas_transport,57.35
1420,2014-09-27,utilities,98.92
1423,2014-09-28,gas_transport,48.45
1422,2014-09-28,misc_net,168.31
1425,2014-09-29,misc_net,3.43
1424,2014-09-28,grocery_pos,49.94
1427,2014-09-30,grocery_net,11.82
1426,2014-09-30,home,42.2
1429,2014-10-02,health_fitness,27.76
1428,2014-09-30,shopping_net,281.36
2156,2015-08-08,kids_pets,13.05
731,2013-12-02,shopping_pos,16.25
730,2013-12-01,food_dining,26.45
733,2013-12-04,personal_care,0.39
732,2013-12-03,personal_care,78.1
735,2013-12-05,utilities,91.66
734,2013-12-05,misc_net,10.25
737,2013-12-05,grocery_net,25.02
736,2013-12-05,personal_care,6.78
739,2013-12-06,grocery_net,36.14
738,2013-12-05,misc_pos,10.76
2403,2015-11-21,gas_transport,75.6
1359,2014-08-24,misc_pos,338.82
1358,2014-08-24,grocery_pos,60.21
469,2013-08-08,pharmacy,42.88
468,2013-08-07,grocery_pos,75.0
1353,2014-08-23,travel,10.76
1352,2014-08-23,shopping_net,59.64
1351,2014-08-22,misc_net,4.95
1350,2014-08-22,home,1.76
461,2013-08-04,utilities,95.28
1356,2014-08-24,grocery_net,34.12
463,2013-08-05,entertainment,13.86
462,2013-08-05,grocery_net,40.97
1273,2014-07-23,health_fitness,129.76
2158,2015-08-09,utilities,62.56
2159,2015-08-09,entertainment,107.62
1519,2014-11-15,misc_pos,322.94
1518,2014-11-15,utilities,81.07
1515,2014-11-13,gas_transport,75.91
1514,2014-11-11,entertainment,22.14
1517,2014-11-14,pharmacy,4.34
1516,2014-11-14,entertainment,72.02
1274,2014-07-23,kids_pets,27.89
1510,2014-11-09,shopping_pos,3.21
1513,2014-11-10,utilities,68.74
1512,2014-11-09,food_dining,1.36
1735,2015-02-13,utilities,96.86
1275,2014-07-24,food_dining,93.26
357,2013-06-28,gas_transport,65.4
356,2013-06-28,travel,205.45
355,2013-06-28,misc_pos,0.33
354,2013-06-28,shopping_net,11.13
353,2013-06-28,food_dining,13.76
352,2013-06-27,pharmacy,50.81
351,2013-06-26,home,10.97
350,2013-06-26,shopping_pos,458.86
359,2013-06-28,health_fitness,91.04
358,2013-06-28,shopping_net,9.72
2323,2015-10-16,kids_pets,4.78
1447,2014-10-11,health_fitness,34.06
2321,2015-10-15,shopping_net,2.28
2320,2015-10-15,grocery_net,96.75
2327,2015-10-18,food_dining,10.3
2326,2015-10-17,grocery_net,51.94
2325,2015-10-17,shopping_pos,163.56
1446,2014-10-11,kids_pets,35.57
2329,2015-10-18,shopping_net,33.63
2328,2015-10-18,entertainment,11.69
1445,2014-10-11,travel,2161.53
289,2013-06-06,personal_care,6.48
288,2013-06-06,gas_transport,57.76
1444,2014-10-11,entertainment,15.36
281,2013-06-02,gas_transport,44.41
280,2013-06-02,misc_pos,185.56
283,2013-06-04,utilities,95.09
282,2013-06-03,pharmacy,32.14
285,2013-06-04,health_fitness,14.34
284,2013-06-04,misc_pos,20.31
287,2013-06-05,home,32.7
286,2013-06-05,gas_transport,89.03
1441,2014-10-09,pharmacy,59.63
1116,2014-05-24,home,4.57
263,2013-05-28,entertainment,6.26
262,2013-05-27,shopping_net,26.47
261,2013-05-26,travel,12180.25
260,2013-05-25,misc_pos,73.73
267,2013-05-29,misc_pos,3.77
266,2013-05-28,travel,30.58
265,2013-05-28,shopping_net,1.61
264,2013-05-28,health_fitness,46.78
269,2013-05-29,shopping_net,1.28
268,2013-05-29,health_fitness,15.99
1562,2014-12-04,misc_net,15.19
2499,2015-12-19,grocery_pos,47.33
2498,2015-12-19,gas_transport,40.25
1563,2014-12-05,shopping_net,9.68
1980,2015-06-03,home,1.52
2491,2015-12-18,shopping_net,0.44
1564,2014-12-05,shopping_pos,1.17
2493,2015-12-18,food_dining,1.15
2492,2015-12-18,shopping_net,1425.76
2495,2015-12-18,shopping_pos,0.22
2192,2015-08-23,kids_pets,64.74
2497,2015-12-18,shopping_pos,0.44
1565,2014-12-05,entertainment,265.6
2193,2015-08-23,gas_transport,106.8
1566,2014-12-05,health_fitness,3.48
2259,2015-09-19,utilities,70.26
2258,2015-09-19,health_fitness,102.23
2257,2015-09-18,grocery_net,135.17
2256,2015-09-17,misc_pos,4.68
2255,2015-09-16,shopping_net,37.98
1567,2014-12-05,grocery_pos,68.45
2253,2015-09-15,personal_care,2.18
2252,2015-09-14,food_dining,113.24
2251,2015-09-13,entertainment,49.42
2250,2015-09-12,shopping_pos,11.93
2477,2015-12-13,personal_care,52.47
2476,2015-12-13,kids_pets,66.39
988,2014-03-22,home,126.66
989,2014-03-23,shopping_pos,99.49
2473,2015-12-13,travel,0.39
2472,2015-12-12,grocery_pos,35.64
2471,2015-12-12,shopping_net,123.45
2470,2015-12-12,health_fitness,65.72
982,2014-03-21,entertainment,76.37
983,2014-03-22,gas_transport,45.63
980,2014-03-21,shopping_net,0.45
981,2014-03-21,shopping_pos,0.95
986,2014-03-22,misc_net,4.59
987,2014-03-22,utilities,87.84
984,2014-03-22,pharmacy,3.68
985,2014-03-22,misc_pos,3.49
115,2013-03-15,home,91.61
114,2013-03-14,health_fitness,23.29
117,2013-03-15,shopping_net,17.56
116,2013-03-15,entertainment,14.66
111,2013-03-13,shopping_pos,3.96
110,2013-03-13,misc_pos,419.74
113,2013-03-14,food_dining,24.37
112,2013-03-13,misc_pos,2.8
119,2013-03-16,health_fitness,58.64
118,2013-03-16,personal_care,0.46
1797,2015-03-14,gas_transport,74.16
2079,2015-07-11,home,6.55
2078,2015-07-11,food_dining,13.22
2073,2015-07-11,grocery_pos,31.64
2072,2015-07-09,entertainment,98.2
2071,2015-07-09,shopping_net,32.76
2070,2015-07-08,entertainment,19.81
2077,2015-07-11,kids_pets,223.36
2076,2015-07-11,pharmacy,10.04
2075,2015-07-11,misc_net,1.14
2074,2015-07-11,utilities,72.43
1796,2015-03-14,misc_net,111.48
1630,2014-12-21,health_fitness,74.56
1631,2014-12-21,entertainment,31.71
1632,2014-12-21,personal_care,0.94
484,2013-08-12,personal_care,31.45
1634,2014-12-21,personal_care,13.97
1635,2014-12-22,entertainment,88.85
1636,2014-12-22,travel,487.8
1637,2014-12-23,pharmacy,64.69
1638,2014-12-23,grocery_pos,50.72
1639,2014-12-23,pharmacy,24.86
1988,2015-06-06,shopping_net,16.07
1989,2015-06-07,entertainment,38.89
568,2013-09-14,personal_care,6.75
569,2013-09-14,shopping_pos,0.24
560,2013-09-13,misc_pos,3.46
561,2013-09-13,shopping_net,95.97
562,2013-09-13,health_fitness,49.4
563,2013-09-14,misc_pos,0.58
564,2013-09-14,misc_net,1.81
565,2013-09-14,entertainment,18.97
566,2013-09-14,gas_transport,47.0
567,2013-09-14,health_fitness,66.12
1188,2014-06-20,kids_pets,137.12
1189,2014-06-21,grocery_pos,31.73
1186,2014-06-20,travel,1.93
1187,2014-06-20,health_fitness,63.86
1184,2014-06-19,food_dining,15.96
1185,2014-06-20,misc_pos,401.29
1182,2014-06-16,gas_transport,34.39
1183,2014-06-18,entertainment,84.53
1180,2014-06-15,grocery_pos,61.7
1181,2014-06-15,utilities,26.21
726,2013-11-30,grocery_net,20.86
727,2013-11-30,kids_pets,33.86
724,2013-11-30,kids_pets,11.82
725,2013-11-30,health_fitness,55.67
722,2013-11-30,grocery_net,37.7
723,2013-11-30,home,49.33
720,2013-11-29,shopping_pos,3.33
721,2013-11-29,shopping_pos,65.82
1744,2015-02-15,pharmacy,31.73
1745,2015-02-17,travel,59.68
1746,2015-02-18,gas_transport,33.43
1747,2015-02-18,health_fitness,49.74
1740,2015-02-15,shopping_pos,66.55
1741,2015-02-15,health_fitness,15.16
728,2013-12-01,misc_pos,4.06
729,2013-12-01,kids_pets,76.07
1164,2014-06-11,food_dining,3.77
1165,2014-06-11,misc_pos,280.81
1166,2014-06-12,home,2.93
1167,2014-06-12,misc_net,59.96
1160,2014-06-08,utilities,70.84
1161,2014-06-09,utilities,67.53
1162,2014-06-10,kids_pets,21.81
1163,2014-06-10,grocery_pos,44.27
1168,2014-06-12,travel,24.43
1169,2014-06-13,kids_pets,107.28
1366,2014-08-29,shopping_pos,837.26
48,2013-02-05,gas_transport,47.63
49,2013-02-08,shopping_net,1639.52
46,2013-02-05,travel,7828.64
47,2013-02-05,pharmacy,30.58
44,2013-02-03,grocery_pos,29.83
45,2013-02-03,pharmacy,63.26
42,2013-02-02,grocery_pos,50.98
43,2013-02-02,misc_net,101.14
40,2013-02-01,personal_care,3.13
41,2013-02-01,home,234.88
1568,2014-12-05,food_dining,64.01
1569,2014-12-05,travel,4.11
1298,2014-08-01,entertainment,62.68
1299,2014-08-01,shopping_net,10.27
1292,2014-07-30,gas_transport,59.05
1293,2014-07-30,grocery_pos,63.18
1290,2014-07-28,shopping_net,278.06
1291,2014-07-30,gas_transport,37.89
1296,2014-07-31,kids_pets,81.38
1297,2014-08-01,kids_pets,16.82
1294,2014-07-31,pharmacy,44.39
1295,2014-07-31,pharmacy,21.22
1713,2015-01-27,food_dining,12.58
474,2013-08-10,misc_pos,27.17
1712,2015-01-27,utilities,44.63
475,2013-08-10,pharmacy,8.95
1711,2015-01-25,utilities,50.85
2425,2015-11-29,pharmacy,26.51
1710,2015-01-25,gas_transport,67.7
1717,2015-02-02,shopping_pos,1.18
1716,2015-01-31,personal_care,0.73
1715,2015-01-31,utilities,51.87
1201,2014-06-26,home,25.6
1714,2015-01-30,pharmacy,13.66
472,2013-08-09,grocery_pos,74.51
473,2013-08-10,personal_care,1.32
1364,2014-08-27,shopping_net,692.79
1365,2014-08-28,misc_pos,7.16
1362,2014-08-26,home,0.92
1363,2014-08-26,misc_pos,381.28
1360,2014-08-24,grocery_net,52.26
1361,2014-08-26,pharmacy,24.57
478,2013-08-10,shopping_net,0.22
479,2013-08-11,gas_transport,56.9
1368,2014-08-29,misc_pos,9.45
1369,2014-08-30,shopping_net,699.31
